index,entity,supplier,ml_score,composite_score,tier,flags,shap_top3,legal_citations,fraud_label
0,Ministry of Finance (MoF),Omnia Strategy LLP,0.9,15.9,🟢 MONITOR,"['Supplier appears in 1 Auditor-General finding(s)', '1 variation(s) independently flagged by Auditor-General', '1 sole source contract(s) flagged by Auditor-General', '2 of 13 contracts confirmed fraudulent (15% fraud rate)', '84% of contracts flagged by Auditor-General — systemic oversight failure (S.2 Act 663)', 'Audit intensity score: 15.23 — entity under sustained scrutiny']","['supplier_risk_score decreases fraud risk (impact: 4.077)', 'entity_frequency decreases fraud risk (impact: 1.059)', 'award_concentration increases fraud risk (impact: 0.503)']",['S.92-93 Act 663 (Procurement Offences)'],0
1,National Petroleum Authority (NPA),Mamphey Developers Limited,1.7,13.7,🟢 MONITOR,"['Entity variation abuse rate: 33.3%', '33% variation rate — elevated above normal threshold', '33% sole source rate — above acceptable threshold (S.40-41 Act 663)', '1 sole source contract(s) confirmed fraudulent', '1 of 12 contracts confirmed fraudulent (8% fraud rate)', '83% repeat supplier rate — limited supplier diversity (S.3 Act 663)']","['supplier_risk_score decreases fraud risk (impact: 4.061)', 'entity_frequency decreases fraud risk (impact: 1.115)', 'award_concentration increases fraud risk (impact: 0.560)']",['No specific violations flagged'],0
2,National Identification Authority (NIA),Messrs Activate Africa,0.3,3.1,🟢 MONITOR,"['Entity variation abuse rate: 40.0%', '40% variation rate — elevated above normal threshold']","['supplier_risk_score decreases fraud risk (impact: 4.091)', 'supplier_frequency decreases fraud risk (impact: 1.042)', 'method_abuse_score decreases fraud risk (impact: 0.626)']",['No specific violations flagged'],0
3,Ghana National Petroleum Corporation (GNPC),Mr. David Sharp,2.7,4.1,🟢 MONITOR,['Supplier holds 33.3% of entity awards — concentration risk'],"['supplier_risk_score decreases fraud risk (impact: 4.160)', 'award_concentration increases fraud risk (impact: 1.194)', 'method_abuse_score decreases fraud risk (impact: 0.501)']",['S.3 Act 663 (Transparency and Accountability)'],0
4,Bank of Ghana,Unknown,1.0,18.4,🟢 MONITOR,"['Supplier holds 60.0% of entity awards — concentration risk', 'Supplier linked to 7 confirmed fraud case(s)', 'Supplier appears in 12 Auditor-General finding(s)', '1 sole source contract(s) flagged by Auditor-General', '100% of contracts flagged by Auditor-General — systemic oversight failure (S.2 Act 663)', 'Audit intensity score: 35.00 — entity under sustained scrutiny']","['entity_frequency decreases fraud risk (impact: 1.928)', 'supplier_risk_score decreases fraud risk (impact: 1.722)', 'award_concentration decreases fraud risk (impact: 0.531)']","['S.92-93 Act 663 (Procurement Offences)', 'S.3 Act 663 (Transparency and Accountability)']",0
5,Petroleum Commission,Messrs KS Konsult Limited,0.4,3.2,🟢 MONITOR,['Supplier holds 100.0% of entity awards — concentration risk'],"['supplier_risk_score decreases fraud risk (impact: 3.971)', 'award_concentration decreases fraud risk (impact: 1.229)', 'entity_frequency increases fraud risk (impact: 0.763)']",['S.3 Act 663 (Transparency and Accountability)'],0
6,NHIA,Messrs Zoomlion Ghana Ltd,0.4,9.2,🟢 MONITOR,"['Supplier holds 100.0% of entity awards — concentration risk', 'Supplier appears in 1 Auditor-General finding(s)', '100% of contracts flagged by Auditor-General — systemic oversight failure (S.2 Act 663)', 'Audit intensity score: 1.00 — entity under sustained scrutiny']","['supplier_risk_score decreases fraud risk (impact: 3.947)', 'award_concentration decreases fraud risk (impact: 1.187)', 'entity_frequency increases fraud risk (impact: 0.741)']","['S.92-93 Act 663 (Procurement Offences)', 'S.3 Act 663 (Transparency and Accountability)']",0
7,Ghana Revenue Authority (GRA),Messrs Digital INNOVA Ghana Ltd,0.5,9.2,🟢 MONITOR,"['Supplier appears in 1 Auditor-General finding(s)', '1 sole source contract(s) flagged by Auditor-General', '80% of contracts flagged by Auditor-General — systemic oversight failure (S.2 Act 663)', 'Audit intensity score: 12.80 — entity under sustained scrutiny']","['supplier_risk_score decreases fraud risk (impact: 4.219)', 'entity_frequency decreases fraud risk (impact: 0.774)', 'supplier_frequency decreases fraud risk (impact: 0.707)']",['S.92-93 Act 663 (Procurement Offences)'],0
8,Social Security and National Insurance Trust (SSNIT),IBM Ghana Limited,0.7,0.3,🟢 MONITOR,['No specific flags raised'],"['supplier_risk_score decreases fraud risk (impact: 3.980)', 'entity_frequency decreases fraud risk (impact: 1.289)', 'award_concentration increases fraud risk (impact: 0.566)']",['No specific violations flagged'],0
9,Korle Bu Teaching Hospital (KBTH),Unknown,3.1,18.2,🟢 MONITOR,"['Supplier holds 57.1% of entity awards — concentration risk', 'Supplier linked to 7 confirmed fraud case(s)', 'Supplier appears in 12 Auditor-General finding(s)', '42% sole source rate — above acceptable threshold (S.40-41 Act 663)', 'Entity method abuse score: 0.43 — pattern of procurement rule circumvention', '85% repeat supplier rate — limited supplier diversity (S.3 Act 663)']","['entity_frequency decreases fraud risk (impact: 2.064)', 'supplier_risk_score decreases fraud risk (impact: 1.548)', 'method_abuse_score increases fraud risk (impact: 0.531)']","['S.40-41 Act 663 (Procurement Method Abuse)', 'S.3 Act 663 (Transparency and Accountability)']",0
10,University of Ghana (UG),Road Safety and Transportation Consultancy Ltd (R,0.4,6.2,🟢 MONITOR,"['Supplier appears in 1 Auditor-General finding(s)', '66% of contracts flagged by Auditor-General — systemic oversight failure (S.2 Act 663)', 'Audit intensity score: 2.22 — entity under sustained scrutiny']","['supplier_risk_score decreases fraud risk (impact: 4.153)', 'entity_frequency decreases fraud risk (impact: 1.057)', 'supplier_frequency decreases fraud risk (impact: 0.636)']",['S.92-93 Act 663 (Procurement Offences)'],0
11,Social Security and National Insurance Trust (SSNIT),Unknown,5.6,11.2,🟢 MONITOR,"['Supplier linked to 7 confirmed fraud case(s)', 'Supplier appears in 12 Auditor-General finding(s)']","['entity_frequency decreases fraud risk (impact: 1.647)', 'supplier_risk_score decreases fraud risk (impact: 1.598)', 'award_concentration increases fraud risk (impact: 0.698)']",['No specific violations flagged'],0
12,National Identification Authority (NIA),Messrs. Metro Mass Transit Ltd,0.3,3.1,🟢 MONITOR,"['Entity variation abuse rate: 40.0%', '40% variation rate — elevated above normal threshold']","['supplier_risk_score decreases fraud risk (impact: 4.091)', 'supplier_frequency decreases fraud risk (impact: 1.042)', 'method_abuse_score decreases fraud risk (impact: 0.626)']",['No specific violations flagged'],0
13,GNPC,Unknown,27.3,22.9,🟢 MONITOR,"['Supplier holds 44.4% of entity awards — concentration risk', 'Supplier linked to 7 confirmed fraud case(s)', 'Supplier appears in 12 Auditor-General finding(s)']","['entity_frequency increases fraud risk (impact: 1.544)', 'supplier_frequency decreases fraud risk (impact: 1.237)', 'supplier_risk_score decreases fraud risk (impact: 1.203)']",['S.3 Act 663 (Transparency and Accountability)'],0
14,Bulk Oil Storage and Transportation Company Limited (BOST),Messrs. Predictive Excellence,1.0,12.4,🟢 MONITOR,"['1 variation(s) independently flagged by Auditor-General', '1 sole source contract(s) flagged by Auditor-General', '3 of 15 contracts confirmed fraudulent (20% fraud rate)', '33% of contracts flagged by Auditor-General — systemic oversight failure (S.2 Act 663)']","['supplier_risk_score decreases fraud risk (impact: 4.166)', 'entity_frequency decreases fraud risk (impact: 0.880)', 'supplier_frequency decreases fraud risk (impact: 0.848)']",['No specific violations flagged'],0
15,University of Ghana (UG),Unknown,1.0,15.4,🟢 MONITOR,"['Supplier holds 55.6% of entity awards — concentration risk', 'Supplier linked to 7 confirmed fraud case(s)', 'Supplier appears in 12 Auditor-General finding(s)', '66% of contracts flagged by Auditor-General — systemic oversight failure (S.2 Act 663)', 'Audit intensity score: 2.22 — entity under sustained scrutiny']","['entity_frequency decreases fraud risk (impact: 2.107)', 'supplier_risk_score decreases fraud risk (impact: 1.731)', 'variation_abuse_rate decreases fraud risk (impact: 0.385)']","['S.92-93 Act 663 (Procurement Offences)', 'S.3 Act 663 (Transparency and Accountability)']",0
16,Bulk Oil Storage and Transportation Company Limited (BOST),Messrs IQI Energy Services Ltd,1.0,12.4,🟢 MONITOR,"['1 variation(s) independently flagged by Auditor-General', '1 sole source contract(s) flagged by Auditor-General', '3 of 15 contracts confirmed fraudulent (20% fraud rate)', '33% of contracts flagged by Auditor-General — systemic oversight failure (S.2 Act 663)']","['supplier_risk_score decreases fraud risk (impact: 4.166)', 'entity_frequency decreases fraud risk (impact: 0.880)', 'supplier_frequency decreases fraud risk (impact: 0.848)']",['No specific violations flagged'],0
17,Ghana Maritime Authority,Zeni Lite Bouy ltd,0.8,4.8,🟢 MONITOR,"['Supplier holds 50.0% of entity awards — concentration risk', '100% repeat supplier rate — limited supplier diversity (S.3 Act 663)']","['supplier_risk_score decreases fraud risk (impact: 4.182)', 'award_concentration decreases fraud risk (impact: 0.556)', 'method_abuse_score decreases fraud risk (impact: 0.548)']",['S.3 Act 663 (Transparency and Accountability)'],0
18,PSC Tema Shipyard,Emadam Inspection & Engineering Limited,0.9,4.9,🟢 MONITOR,"['Supplier holds 100.0% of entity awards — concentration risk', '100% repeat supplier rate — limited supplier diversity (S.3 Act 663)']","['supplier_risk_score decreases fraud risk (impact: 3.892)', 'award_concentration decreases fraud risk (impact: 1.572)', 'entity_frequency increases fraud risk (impact: 0.906)']",['S.3 Act 663 (Transparency and Accountability)'],0
19,University of Ghana (UG),Unknown,1.0,15.4,🟢 MONITOR,"['Supplier holds 55.6% of entity awards — concentration risk', 'Supplier linked to 7 confirmed fraud case(s)', 'Supplier appears in 12 Auditor-General finding(s)', '66% of contracts flagged by Auditor-General — systemic oversight failure (S.2 Act 663)', 'Audit intensity score: 2.22 — entity under sustained scrutiny']","['entity_frequency decreases fraud risk (impact: 2.107)', 'supplier_risk_score decreases fraud risk (impact: 1.731)', 'variation_abuse_rate decreases fraud risk (impact: 0.385)']","['S.92-93 Act 663 (Procurement Offences)', 'S.3 Act 663 (Transparency and Accountability)']",0
20,Ghana Cocoa Board,Unknown,4.8,15.4,🟢 MONITOR,"['Supplier holds 100.0% of entity awards — concentration risk', 'Supplier linked to 7 confirmed fraud case(s)', 'Supplier appears in 12 Auditor-General finding(s)', '100% repeat supplier rate — limited supplier diversity (S.3 Act 663)']","['award_concentration decreases fraud risk (impact: 2.253)', 'supplier_risk_score decreases fraud risk (impact: 1.696)', 'entity_frequency increases fraud risk (impact: 1.105)']",['S.3 Act 663 (Transparency and Accountability)'],0
21,Electoral Commission,Messr. Kingdom Books & Stationery Limited,0.8,4.8,🟢 MONITOR,"['Supplier holds 50.0% of entity awards — concentration risk', '100% repeat supplier rate — limited supplier diversity (S.3 Act 663)']","['supplier_risk_score decreases fraud risk (impact: 4.182)', 'award_concentration decreases fraud risk (impact: 0.556)', 'method_abuse_score decreases fraud risk (impact: 0.548)']",['S.3 Act 663 (Transparency and Accountability)'],0
22,Bulk Oil Storage and Transportation Company Limited (BOST),Messrs. Dansworld International Services Limited,1.0,12.4,🟢 MONITOR,"['1 variation(s) independently flagged by Auditor-General', '1 sole source contract(s) flagged by Auditor-General', '3 of 15 contracts confirmed fraudulent (20% fraud rate)', '33% of contracts flagged by Auditor-General — systemic oversight failure (S.2 Act 663)']","['supplier_risk_score decreases fraud risk (impact: 4.166)', 'entity_frequency decreases fraud risk (impact: 0.880)', 'supplier_frequency decreases fraud risk (impact: 0.848)']",['No specific violations flagged'],0
23,Bulk Oil Storage and Transportation Company Limited (BOST),Messrs. Ruthy K. Medical Laboratory Limited,1.0,12.4,🟢 MONITOR,"['1 variation(s) independently flagged by Auditor-General', '1 sole source contract(s) flagged by Auditor-General', '3 of 15 contracts confirmed fraudulent (20% fraud rate)', '33% of contracts flagged by Auditor-General — systemic oversight failure (S.2 Act 663)']","['supplier_risk_score decreases fraud risk (impact: 4.166)', 'entity_frequency decreases fraud risk (impact: 0.880)', 'supplier_frequency decreases fraud risk (impact: 0.848)']",['No specific violations flagged'],0
24,Social Security and National Insurance Trust (SSNIT),Messrs. Klogg Ghana Limited,0.2,0.1,🟢 MONITOR,['No specific flags raised'],"['supplier_risk_score decreases fraud risk (impact: 4.069)', 'entity_frequency decreases fraud risk (impact: 1.084)', 'supplier_frequency decreases fraud risk (impact: 0.848)']",['No specific violations flagged'],0
25,Ministry of Finance (MoF),Unknown,3.4,25.9,🟢 MONITOR,"['Supplier holds 46.2% of entity awards — concentration risk', 'Supplier linked to 7 confirmed fraud case(s)', 'Supplier appears in 12 Auditor-General finding(s)', '1 variation(s) independently flagged by Auditor-General', '1 sole source contract(s) flagged by Auditor-General', '2 of 13 contracts confirmed fraudulent (15% fraud rate)', '84% of contracts flagged by Auditor-General — systemic oversight failure (S.2 Act 663)', 'Audit intensity score: 15.23 — entity under sustained scrutiny']","['supplier_risk_score decreases fraud risk (impact: 1.714)', 'entity_frequency decreases fraud risk (impact: 1.570)', 'audit_intensity decreases fraud risk (impact: 0.322)']","['S.92-93 Act 663 (Procurement Offences)', 'S.3 Act 663 (Transparency and Accountability)']",0
26,Ministry of Finance (MoF),Messrs. Omnia Strategy LLP,0.5,15.7,🟢 MONITOR,"['Supplier appears in 1 Auditor-General finding(s)', '1 variation(s) independently flagged by Auditor-General', '1 sole source contract(s) flagged by Auditor-General', '2 of 13 contracts confirmed fraudulent (15% fraud rate)', '84% of contracts flagged by Auditor-General — systemic oversight failure (S.2 Act 663)', 'Audit intensity score: 15.23 — entity under sustained scrutiny']","['supplier_risk_score decreases fraud risk (impact: 4.146)', 'entity_frequency decreases fraud risk (impact: 0.854)', 'supplier_frequency decreases fraud risk (impact: 0.671)']",['S.92-93 Act 663 (Procurement Offences)'],0
27,Accra Technical University,Unknown,4.8,15.4,🟢 MONITOR,"['Supplier holds 100.0% of entity awards — concentration risk', 'Supplier linked to 7 confirmed fraud case(s)', 'Supplier appears in 12 Auditor-General finding(s)', '100% repeat supplier rate — limited supplier diversity (S.3 Act 663)']","['award_concentration decreases fraud risk (impact: 2.253)', 'supplier_risk_score decreases fraud risk (impact: 1.696)', 'entity_frequency increases fraud risk (impact: 1.105)']",['S.3 Act 663 (Transparency and Accountability)'],0
28,Korle-Bu Teaching Hospital,Unknown,4.8,15.4,🟢 MONITOR,"['Supplier holds 100.0% of entity awards — concentration risk', 'Supplier linked to 7 confirmed fraud case(s)', 'Supplier appears in 12 Auditor-General finding(s)', '100% repeat supplier rate — limited supplier diversity (S.3 Act 663)']","['award_concentration decreases fraud risk (impact: 2.253)', 'supplier_risk_score decreases fraud risk (impact: 1.696)', 'entity_frequency increases fraud risk (impact: 1.105)']",['S.3 Act 663 (Transparency and Accountability)'],0
29,Ministry of Education,EPP Books Services,98.3,51.8,🔴 ESCALATE,"['Supplier holds 50.0% of entity awards — concentration risk', 'Supplier linked to 1 confirmed fraud case(s)', '1 of 2 contracts confirmed fraudulent (50% fraud rate)']","['supplier_risk_score increases fraud risk (impact: 4.834)', 'award_concentration decreases fraud risk (impact: 0.589)', 'method_abuse_score decreases fraud risk (impact: 0.489)']",['S.3 Act 663 (Transparency and Accountability)'],1
30,Ghana Revenue Authority (GRA),Unknown,14.4,20.8,🟢 MONITOR,"['Supplier linked to 7 confirmed fraud case(s)', 'Supplier appears in 12 Auditor-General finding(s)', '1 sole source contract(s) flagged by Auditor-General', '80% of contracts flagged by Auditor-General — systemic oversight failure (S.2 Act 663)', 'Audit intensity score: 12.80 — entity under sustained scrutiny']","['supplier_risk_score decreases fraud risk (impact: 1.562)', 'award_concentration increases fraud risk (impact: 1.086)', 'entity_frequency decreases fraud risk (impact: 1.067)']",['S.92-93 Act 663 (Procurement Offences)'],0
31,Ministry of Railways Development,Unknown,4.8,15.4,🟢 MONITOR,"['Supplier holds 100.0% of entity awards — concentration risk', 'Supplier linked to 7 confirmed fraud case(s)', 'Supplier appears in 12 Auditor-General finding(s)', '100% repeat supplier rate — limited supplier diversity (S.3 Act 663)']","['award_concentration decreases fraud risk (impact: 2.253)', 'supplier_risk_score decreases fraud risk (impact: 1.696)', 'entity_frequency increases fraud risk (impact: 1.105)']",['S.3 Act 663 (Transparency and Accountability)'],0
32,National Sports Authority (NSA),Haramani Ventures,0.9,4.9,🟢 MONITOR,"['Supplier holds 100.0% of entity awards — concentration risk', '100% repeat supplier rate — limited supplier diversity (S.3 Act 663)']","['supplier_risk_score decreases fraud risk (impact: 3.892)', 'award_concentration decreases fraud risk (impact: 1.572)', 'entity_frequency increases fraud risk (impact: 0.906)']",['S.3 Act 663 (Transparency and Accountability)'],0
33,Ministry of Health,SL Global Limited & Messrs,0.5,1.7,🟢 MONITOR,['80% repeat supplier rate — limited supplier diversity (S.3 Act 663)'],"['supplier_risk_score decreases fraud risk (impact: 4.239)', 'supplier_frequency decreases fraud risk (impact: 0.885)', 'entity_frequency decreases fraud risk (impact: 0.777)']",['No specific violations flagged'],0
34,Ministry of National Security,Unknown,4.8,15.4,🟢 MONITOR,"['Supplier holds 100.0% of entity awards — concentration risk', 'Supplier linked to 7 confirmed fraud case(s)', 'Supplier appears in 12 Auditor-General finding(s)', '100% repeat supplier rate — limited supplier diversity (S.3 Act 663)']","['award_concentration decreases fraud risk (impact: 2.253)', 'supplier_risk_score decreases fraud risk (impact: 1.696)', 'entity_frequency increases fraud risk (impact: 1.105)']",['S.3 Act 663 (Transparency and Accountability)'],0
35,Social Security and National Insurance Trust (SSNIT),Messrs. Delta AVR Ghana Limited,0.2,0.1,🟢 MONITOR,['No specific flags raised'],"['supplier_risk_score decreases fraud risk (impact: 4.069)', 'entity_frequency decreases fraud risk (impact: 1.084)', 'supplier_frequency decreases fraud risk (impact: 0.848)']",['No specific violations flagged'],0
36,Institute of Local Government Studies,Unknown,4.8,15.4,🟢 MONITOR,"['Supplier holds 100.0% of entity awards — concentration risk', 'Supplier linked to 7 confirmed fraud case(s)', 'Supplier appears in 12 Auditor-General finding(s)', '100% repeat supplier rate — limited supplier diversity (S.3 Act 663)']","['award_concentration decreases fraud risk (impact: 2.253)', 'supplier_risk_score decreases fraud risk (impact: 1.696)', 'entity_frequency increases fraud risk (impact: 1.105)']",['S.3 Act 663 (Transparency and Accountability)'],0
37,Bank of Ghana,Unknown,1.0,18.4,🟢 MONITOR,"['Supplier holds 60.0% of entity awards — concentration risk', 'Supplier linked to 7 confirmed fraud case(s)', 'Supplier appears in 12 Auditor-General finding(s)', '1 sole source contract(s) flagged by Auditor-General', '100% of contracts flagged by Auditor-General — systemic oversight failure (S.2 Act 663)', 'Audit intensity score: 35.00 — entity under sustained scrutiny']","['entity_frequency decreases fraud risk (impact: 1.928)', 'supplier_risk_score decreases fraud risk (impact: 1.722)', 'award_concentration decreases fraud risk (impact: 0.531)']","['S.92-93 Act 663 (Procurement Offences)', 'S.3 Act 663 (Transparency and Accountability)']",0
38,Bank of Ghana,Messrs. Ernest and Young,0.5,9.2,🟢 MONITOR,"['Supplier appears in 1 Auditor-General finding(s)', '1 sole source contract(s) flagged by Auditor-General', '100% of contracts flagged by Auditor-General — systemic oversight failure (S.2 Act 663)', 'Audit intensity score: 35.00 — entity under sustained scrutiny']","['supplier_risk_score decreases fraud risk (impact: 4.219)', 'entity_frequency decreases fraud risk (impact: 0.774)', 'supplier_frequency decreases fraud risk (impact: 0.707)']",['S.92-93 Act 663 (Procurement Offences)'],0
39,GIFEC,Messrs. Ascend Digital Solutions Ltd,0.4,3.2,🟢 MONITOR,['Supplier holds 100.0% of entity awards — concentration risk'],"['supplier_risk_score decreases fraud risk (impact: 3.971)', 'award_concentration decreases fraud risk (impact: 1.229)', 'entity_frequency increases fraud risk (impact: 0.763)']",['S.3 Act 663 (Transparency and Accountability)'],0
40,Ghana Airport Company Ltd,Messrs. Mapa Construction and Trading Company Inc.,0.8,3.3,🟢 MONITOR,['Supplier holds 33.3% of entity awards — concentration risk'],"['supplier_risk_score decreases fraud risk (impact: 4.267)', 'award_concentration increases fraud risk (impact: 1.046)', 'supplier_frequency decreases fraud risk (impact: 0.925)']",['S.3 Act 663 (Transparency and Accountability)'],0
41,Volta Lake Transport Company Ltd,Unknown,4.8,15.4,🟢 MONITOR,"['Supplier holds 100.0% of entity awards — concentration risk', 'Supplier linked to 7 confirmed fraud case(s)', 'Supplier appears in 12 Auditor-General finding(s)', '100% repeat supplier rate — limited supplier diversity (S.3 Act 663)']","['award_concentration decreases fraud risk (impact: 2.253)', 'supplier_risk_score decreases fraud risk (impact: 1.696)', 'entity_frequency increases fraud risk (impact: 1.105)']",['S.3 Act 663 (Transparency and Accountability)'],0
42,Ministry of Employment and Labour,Messrs. Victor Randolph Architects as Consultants,0.4,3.2,🟢 MONITOR,['Supplier holds 100.0% of entity awards — concentration risk'],"['supplier_risk_score decreases fraud risk (impact: 3.971)', 'award_concentration decreases fraud risk (impact: 1.229)', 'entity_frequency increases fraud risk (impact: 0.763)']",['S.3 Act 663 (Transparency and Accountability)'],0
43,Volta River Authority,Messrs. WSP UK Ltd,0.4,3.2,🟢 MONITOR,['Supplier holds 100.0% of entity awards — concentration risk'],"['supplier_risk_score decreases fraud risk (impact: 3.971)', 'award_concentration decreases fraud risk (impact: 1.229)', 'entity_frequency increases fraud risk (impact: 0.763)']",['S.3 Act 663 (Transparency and Accountability)'],0
44,Ghana Export Promotion Authority (GEPA),Messrs. Yaw Pare Photography,0.3,5.6,🟢 MONITOR,"['33% sole source rate — above acceptable threshold (S.40-41 Act 663)', '1 of 6 contracts confirmed fraudulent (16% fraud rate)']","['supplier_risk_score decreases fraud risk (impact: 4.172)', 'entity_frequency decreases fraud risk (impact: 1.072)', 'supplier_frequency decreases fraud risk (impact: 0.827)']",['No specific violations flagged'],0
45,Ministry of Health,Unknown,1.6,14.1,🟢 MONITOR,"['Supplier holds 60.0% of entity awards — concentration risk', 'Supplier linked to 7 confirmed fraud case(s)', 'Supplier appears in 12 Auditor-General finding(s)', '80% repeat supplier rate — limited supplier diversity (S.3 Act 663)']","['entity_frequency decreases fraud risk (impact: 1.930)', 'supplier_risk_score decreases fraud risk (impact: 1.680)', 'award_concentration decreases fraud risk (impact: 0.487)']",['S.3 Act 663 (Transparency and Accountability)'],0
46,Ghana Railways Company Ltd,Unknown,4.8,15.4,🟢 MONITOR,"['Supplier holds 100.0% of entity awards — concentration risk', 'Supplier linked to 7 confirmed fraud case(s)', 'Supplier appears in 12 Auditor-General finding(s)', '100% repeat supplier rate — limited supplier diversity (S.3 Act 663)']","['award_concentration decreases fraud risk (impact: 2.253)', 'supplier_risk_score decreases fraud risk (impact: 1.696)', 'entity_frequency increases fraud risk (impact: 1.105)']",['S.3 Act 663 (Transparency and Accountability)'],0
47,Ghana Railway Company Ltd,Unknown,4.8,15.4,🟢 MONITOR,"['Supplier holds 100.0% of entity awards — concentration risk', 'Supplier linked to 7 confirmed fraud case(s)', 'Supplier appears in 12 Auditor-General finding(s)', '100% repeat supplier rate — limited supplier diversity (S.3 Act 663)']","['award_concentration decreases fraud risk (impact: 2.253)', 'supplier_risk_score decreases fraud risk (impact: 1.696)', 'entity_frequency increases fraud risk (impact: 1.105)']",['S.3 Act 663 (Transparency and Accountability)'],0
48,Electoral Commission,Unknown,25.4,23.7,🟢 MONITOR,"['Supplier holds 50.0% of entity awards — concentration risk', 'Supplier linked to 7 confirmed fraud case(s)', 'Supplier appears in 12 Auditor-General finding(s)', '100% repeat supplier rate — limited supplier diversity (S.3 Act 663)']","['supplier_risk_score decreases fraud risk (impact: 1.130)', 'entity_frequency increases fraud risk (impact: 0.876)', 'method_abuse_score decreases fraud risk (impact: 0.667)']",['S.3 Act 663 (Transparency and Accountability)'],0
49,Bulk Oil Storage and Transportation Company Limited (BOST),Messrs. Africone Engineering Services Limited,2.6,13.0,🟢 MONITOR,"['1 variation(s) independently flagged by Auditor-General', '1 sole source contract(s) flagged by Auditor-General', '3 of 15 contracts confirmed fraudulent (20% fraud rate)', '33% of contracts flagged by Auditor-General — systemic oversight failure (S.2 Act 663)']","['supplier_risk_score decreases fraud risk (impact: 4.077)', 'entity_frequency decreases fraud risk (impact: 1.085)', 'award_concentration increases fraud risk (impact: 0.654)']",['No specific violations flagged'],0
50,Korle Bu Teaching Hospital (KBTH),Life Care Technology Limited and Paracelsus Pharmacy and Marketing Company Ltd,1.1,5.4,🟢 MONITOR,"['42% sole source rate — above acceptable threshold (S.40-41 Act 663)', 'Entity method abuse score: 0.43 — pattern of procurement rule circumvention', '85% repeat supplier rate — limited supplier diversity (S.3 Act 663)']","['supplier_risk_score decreases fraud risk (impact: 4.138)', 'entity_frequency decreases fraud risk (impact: 1.198)', 'award_concentration increases fraud risk (impact: 0.693)']",['S.40-41 Act 663 (Procurement Method Abuse)'],0
51,Ghana Railways Development Authority,Unknown,25.4,23.7,🟢 MONITOR,"['Supplier holds 50.0% of entity awards — concentration risk', 'Supplier linked to 7 confirmed fraud case(s)', 'Supplier appears in 12 Auditor-General finding(s)', '100% repeat supplier rate — limited supplier diversity (S.3 Act 663)']","['supplier_risk_score decreases fraud risk (impact: 1.130)', 'entity_frequency increases fraud risk (impact: 0.876)', 'method_abuse_score decreases fraud risk (impact: 0.667)']",['S.3 Act 663 (Transparency and Accountability)'],0
52,Ghana Railways Development Authority,Meinergy Technology Limited,0.8,4.8,🟢 MONITOR,"['Supplier holds 50.0% of entity awards — concentration risk', '100% repeat supplier rate — limited supplier diversity (S.3 Act 663)']","['supplier_risk_score decreases fraud risk (impact: 4.182)', 'award_concentration decreases fraud risk (impact: 0.556)', 'method_abuse_score decreases fraud risk (impact: 0.548)']",['S.3 Act 663 (Transparency and Accountability)'],0
53,Ministry of Sanitation and Water Resources,Messrs. Tidyup Ghana Limited,0.4,3.2,🟢 MONITOR,['Supplier holds 100.0% of entity awards — concentration risk'],"['supplier_risk_score decreases fraud risk (impact: 3.971)', 'award_concentration decreases fraud risk (impact: 1.229)', 'entity_frequency increases fraud risk (impact: 0.763)']",['S.3 Act 663 (Transparency and Accountability)'],0
54,Ministry of Health,Unknown,1.6,14.1,🟢 MONITOR,"['Supplier holds 60.0% of entity awards — concentration risk', 'Supplier linked to 7 confirmed fraud case(s)', 'Supplier appears in 12 Auditor-General finding(s)', '80% repeat supplier rate — limited supplier diversity (S.3 Act 663)']","['entity_frequency decreases fraud risk (impact: 1.930)', 'supplier_risk_score decreases fraud risk (impact: 1.680)', 'award_concentration decreases fraud risk (impact: 0.487)']",['S.3 Act 663 (Transparency and Accountability)'],0
55,National Petroleum Authority,Messrs. Rock Africa Limited,0.4,3.2,🟢 MONITOR,['Supplier holds 100.0% of entity awards — concentration risk'],"['supplier_risk_score decreases fraud risk (impact: 3.971)', 'award_concentration decreases fraud risk (impact: 1.229)', 'entity_frequency increases fraud risk (impact: 0.763)']",['S.3 Act 663 (Transparency and Accountability)'],0
56,National Health Insurance Authority (NHIA),Messrs. SIP Consult Limited,0.2,6.8,🟢 MONITOR,"['Supplier holds 50.0% of entity awards — concentration risk', '50% of contracts have variations — inflation risk', '100% repeat supplier rate — limited supplier diversity (S.3 Act 663)']","['supplier_risk_score decreases fraud risk (impact: 4.290)', 'supplier_frequency decreases fraud risk (impact: 0.906)', 'award_concentration decreases fraud risk (impact: 0.597)']",['S.3 Act 663 (Transparency and Accountability)'],0
57,Ministry of Local Government and Rural Development (MLRD),Unknown,4.8,15.4,🟢 MONITOR,"['Supplier holds 100.0% of entity awards — concentration risk', 'Supplier linked to 7 confirmed fraud case(s)', 'Supplier appears in 12 Auditor-General finding(s)', '100% repeat supplier rate — limited supplier diversity (S.3 Act 663)']","['award_concentration decreases fraud risk (impact: 2.253)', 'supplier_risk_score decreases fraud risk (impact: 1.696)', 'entity_frequency increases fraud risk (impact: 1.105)']",['S.3 Act 663 (Transparency and Accountability)'],0
58,Scholarship Secretariat,Orcons Systems Limited,0.8,4.8,🟢 MONITOR,"['Supplier holds 33.3% of entity awards — concentration risk', '100% repeat supplier rate — limited supplier diversity (S.3 Act 663)']","['supplier_risk_score decreases fraud risk (impact: 4.267)', 'award_concentration increases fraud risk (impact: 1.046)', 'supplier_frequency decreases fraud risk (impact: 0.925)']",['S.3 Act 663 (Transparency and Accountability)'],0
59,Ministry of Foreign Affairs,Unknown,4.8,15.4,🟢 MONITOR,"['Supplier holds 100.0% of entity awards — concentration risk', 'Supplier linked to 7 confirmed fraud case(s)', 'Supplier appears in 12 Auditor-General finding(s)', '100% repeat supplier rate — limited supplier diversity (S.3 Act 663)']","['award_concentration decreases fraud risk (impact: 2.253)', 'supplier_risk_score decreases fraud risk (impact: 1.696)', 'entity_frequency increases fraud risk (impact: 1.105)']",['S.3 Act 663 (Transparency and Accountability)'],0
60,Ghana Airport Company Ltd,Messrs. Modern Digital Electronics Limited,0.8,3.3,🟢 MONITOR,['Supplier holds 33.3% of entity awards — concentration risk'],"['supplier_risk_score decreases fraud risk (impact: 4.267)', 'award_concentration increases fraud risk (impact: 1.046)', 'supplier_frequency decreases fraud risk (impact: 0.925)']",['S.3 Act 663 (Transparency and Accountability)'],0
61,National Health Insurance Authority,Unknown,4.8,15.4,🟢 MONITOR,"['Supplier holds 100.0% of entity awards — concentration risk', 'Supplier linked to 7 confirmed fraud case(s)', 'Supplier appears in 12 Auditor-General finding(s)', '100% repeat supplier rate — limited supplier diversity (S.3 Act 663)']","['award_concentration decreases fraud risk (impact: 2.253)', 'supplier_risk_score decreases fraud risk (impact: 1.696)', 'entity_frequency increases fraud risk (impact: 1.105)']",['S.3 Act 663 (Transparency and Accountability)'],0
62,Ghana Airport Company Ltd,KNK Services Ltd,2.7,4.1,🟢 MONITOR,['Supplier holds 33.3% of entity awards — concentration risk'],"['supplier_risk_score decreases fraud risk (impact: 4.160)', 'award_concentration increases fraud risk (impact: 1.194)', 'method_abuse_score decreases fraud risk (impact: 0.501)']",['S.3 Act 663 (Transparency and Accountability)'],0
63,Ministry of Health,Unknown,0.4,18.2,🟢 MONITOR,"['Sole source procurement used (S.38-41 Act 663)', 'Supplier holds 60.0% of entity awards — concentration risk', 'Supplier linked to 7 confirmed fraud case(s)', 'Supplier appears in 12 Auditor-General finding(s)', '80% repeat supplier rate — limited supplier diversity (S.3 Act 663)']","['supplier_risk_score decreases fraud risk (impact: 1.995)', 'entity_frequency decreases fraud risk (impact: 1.930)', 'is_sole_source decreases fraud risk (impact: 0.818)']","['S.38-41 Act 663 (Sole Source Procurement)', 'S.3 Act 663 (Transparency and Accountability)']",0
64,University of Ghana (UG),Messrs. Kingdom Books and Stationery Ltd,0.4,6.2,🟢 MONITOR,"['Supplier appears in 1 Auditor-General finding(s)', '66% of contracts flagged by Auditor-General — systemic oversight failure (S.2 Act 663)', 'Audit intensity score: 2.22 — entity under sustained scrutiny']","['supplier_risk_score decreases fraud risk (impact: 4.153)', 'entity_frequency decreases fraud risk (impact: 1.057)', 'supplier_frequency decreases fraud risk (impact: 0.636)']",['S.92-93 Act 663 (Procurement Offences)'],0
65,Bulk Oil Storage and Transportation Company Limited (BOST),Minuteman Facilities Services Limited,1.0,12.4,🟢 MONITOR,"['1 variation(s) independently flagged by Auditor-General', '1 sole source contract(s) flagged by Auditor-General', '3 of 15 contracts confirmed fraudulent (20% fraud rate)', '33% of contracts flagged by Auditor-General — systemic oversight failure (S.2 Act 663)']","['supplier_risk_score decreases fraud risk (impact: 4.166)', 'entity_frequency decreases fraud risk (impact: 0.880)', 'supplier_frequency decreases fraud risk (impact: 0.848)']",['No specific violations flagged'],0
66,Ghana Statistical Service,Mr. Andrews Ofosuhene,0.9,4.9,🟢 MONITOR,"['Supplier holds 100.0% of entity awards — concentration risk', '100% repeat supplier rate — limited supplier diversity (S.3 Act 663)']","['supplier_risk_score decreases fraud risk (impact: 3.892)', 'award_concentration decreases fraud risk (impact: 1.572)', 'entity_frequency increases fraud risk (impact: 0.906)']",['S.3 Act 663 (Transparency and Accountability)'],0
67,Ghana Maritime Authority,Unknown,25.4,23.7,🟢 MONITOR,"['Supplier holds 50.0% of entity awards — concentration risk', 'Supplier linked to 7 confirmed fraud case(s)', 'Supplier appears in 12 Auditor-General finding(s)', '100% repeat supplier rate — limited supplier diversity (S.3 Act 663)']","['supplier_risk_score decreases fraud risk (impact: 1.130)', 'entity_frequency increases fraud risk (impact: 0.876)', 'method_abuse_score decreases fraud risk (impact: 0.667)']",['S.3 Act 663 (Transparency and Accountability)'],0
68,Bulk Oil Storage and Transportation Company Limited (BOST),Unknown,26.9,31.8,🟢 MONITOR,"['Supplier linked to 7 confirmed fraud case(s)', 'Supplier appears in 12 Auditor-General finding(s)', '1 variation(s) independently flagged by Auditor-General', '1 sole source contract(s) flagged by Auditor-General', '3 of 15 contracts confirmed fraudulent (20% fraud rate)', '33% of contracts flagged by Auditor-General — systemic oversight failure (S.2 Act 663)']","['supplier_risk_score decreases fraud risk (impact: 1.555)', 'entity_frequency decreases fraud risk (impact: 1.393)', 'award_concentration increases fraud risk (impact: 0.893)']",['No specific violations flagged'],0
69,Korle Bu Teaching Hospital (KBTH),Messrs. DCL Laboratories and Products Limited,0.4,5.2,🟢 MONITOR,"['42% sole source rate — above acceptable threshold (S.40-41 Act 663)', 'Entity method abuse score: 0.43 — pattern of procurement rule circumvention', '85% repeat supplier rate — limited supplier diversity (S.3 Act 663)']","['supplier_risk_score decreases fraud risk (impact: 4.227)', 'entity_frequency decreases fraud risk (impact: 1.028)', 'supplier_frequency decreases fraud risk (impact: 0.818)']",['S.40-41 Act 663 (Procurement Method Abuse)'],0
70,Ministry of Finance (MoF),Unknown,3.4,25.9,🟢 MONITOR,"['Supplier holds 46.2% of entity awards — concentration risk', 'Supplier linked to 7 confirmed fraud case(s)', 'Supplier appears in 12 Auditor-General finding(s)', '1 variation(s) independently flagged by Auditor-General', '1 sole source contract(s) flagged by Auditor-General', '2 of 13 contracts confirmed fraudulent (15% fraud rate)', '84% of contracts flagged by Auditor-General — systemic oversight failure (S.2 Act 663)', 'Audit intensity score: 15.23 — entity under sustained scrutiny']","['supplier_risk_score decreases fraud risk (impact: 1.714)', 'entity_frequency decreases fraud risk (impact: 1.570)', 'audit_intensity decreases fraud risk (impact: 0.322)']","['S.92-93 Act 663 (Procurement Offences)', 'S.3 Act 663 (Transparency and Accountability)']",0
71,Bulk Oil Storage and Transportatio n Company Limited (BOST),Best Western Premier Accra Airport Hotel,1.3,2.0,🟢 MONITOR,['25% variation rate — elevated above normal threshold'],"['supplier_risk_score decreases fraud risk (impact: 3.971)', 'method_abuse_score decreases fraud risk (impact: 0.662)', 'award_concentration increases fraud risk (impact: 0.601)']",['No specific violations flagged'],0
72,PSC Tema Shipyard Limited,Messrs. Emadan Inspection Engineering Limited,0.4,3.2,🟢 MONITOR,['Supplier holds 100.0% of entity awards — concentration risk'],"['supplier_risk_score decreases fraud risk (impact: 3.971)', 'award_concentration decreases fraud risk (impact: 1.229)', 'entity_frequency increases fraud risk (impact: 0.763)']",['S.3 Act 663 (Transparency and Accountability)'],0
73,Petroleum Hub Development Corporation (PHDC),TCP/UIC Consortium,0.9,4.9,🟢 MONITOR,"['Supplier holds 100.0% of entity awards — concentration risk', '100% repeat supplier rate — limited supplier diversity (S.3 Act 663)']","['supplier_risk_score decreases fraud risk (impact: 3.892)', 'award_concentration decreases fraud risk (impact: 1.572)', 'entity_frequency increases fraud risk (impact: 0.906)']",['S.3 Act 663 (Transparency and Accountability)'],0
74,National Service Scheme (NSS),Messers AB Power Conserve Limited,99.2,55.7,🔴 ESCALATE,"['Supplier holds 100.0% of entity awards — concentration risk', 'Supplier linked to 1 confirmed fraud case(s)', '1 of 1 contracts confirmed fraudulent (100% fraud rate)', 'Average supplier risk score: 1.00 — entity consistently awards to high-risk suppliers', '100% repeat supplier rate — limited supplier diversity (S.3 Act 663)']","['supplier_risk_score increases fraud risk (impact: 5.363)', 'award_concentration decreases fraud risk (impact: 1.181)', 'entity_frequency increases fraud risk (impact: 0.760)']",['S.3 Act 663 (Transparency and Accountability)'],1
75,National Petroleum Authority (NPA),New Century Press Ltd,1.7,13.7,🟢 MONITOR,"['Entity variation abuse rate: 33.3%', '33% variation rate — elevated above normal threshold', '33% sole source rate — above acceptable threshold (S.40-41 Act 663)', '1 sole source contract(s) confirmed fraudulent', '1 of 12 contracts confirmed fraudulent (8% fraud rate)', '83% repeat supplier rate — limited supplier diversity (S.3 Act 663)']","['supplier_risk_score decreases fraud risk (impact: 4.061)', 'entity_frequency decreases fraud risk (impact: 1.115)', 'award_concentration increases fraud risk (impact: 0.560)']",['No specific violations flagged'],0
76,Ghana Ports and Harbours Authority (GPHA),Unknown,90.9,53.4,🔴 ESCALATE,"['Supplier holds 66.7% of entity awards — concentration risk', 'Supplier linked to 7 confirmed fraud case(s)', 'Supplier appears in 12 Auditor-General finding(s)', '1 of 1 contracts confirmed fraudulent (100% fraud rate)', '100% repeat supplier rate — limited supplier diversity (S.3 Act 663)']","['entity_frequency increases fraud risk (impact: 2.087)', 'supplier_risk_score decreases fraud risk (impact: 1.043)', 'award_concentration increases fraud risk (impact: 0.771)']",['S.3 Act 663 (Transparency and Accountability)'],1
77,Ministry of Finance (MoF),Unknown,3.4,25.9,🟢 MONITOR,"['Supplier holds 46.2% of entity awards — concentration risk', 'Supplier linked to 7 confirmed fraud case(s)', 'Supplier appears in 12 Auditor-General finding(s)', '1 variation(s) independently flagged by Auditor-General', '1 sole source contract(s) flagged by Auditor-General', '2 of 13 contracts confirmed fraudulent (15% fraud rate)', '84% of contracts flagged by Auditor-General — systemic oversight failure (S.2 Act 663)', 'Audit intensity score: 15.23 — entity under sustained scrutiny']","['supplier_risk_score decreases fraud risk (impact: 1.714)', 'entity_frequency decreases fraud risk (impact: 1.570)', 'audit_intensity decreases fraud risk (impact: 0.322)']","['S.92-93 Act 663 (Procurement Offences)', 'S.3 Act 663 (Transparency and Accountability)']",0
78,Ghana Cocoa Board (COCOBOD),Unknown,2.3,19.4,🟢 MONITOR,"['Supplier holds 66.7% of entity awards — concentration risk', 'Supplier linked to 7 confirmed fraud case(s)', 'Supplier appears in 12 Auditor-General finding(s)', '1 of 3 contracts confirmed fraudulent (33% fraud rate)', '33% of contracts flagged by Auditor-General — systemic oversight failure (S.2 Act 663)', 'Audit intensity score: 1.00 — entity under sustained scrutiny']","['supplier_risk_score decreases fraud risk (impact: 1.558)', 'entity_frequency decreases fraud risk (impact: 0.960)', 'method_abuse_score decreases fraud risk (impact: 0.605)']",['S.3 Act 663 (Transparency and Accountability)'],0
79,National Communicati ons Authority (NCA),Unknown,4.8,15.4,🟢 MONITOR,"['Supplier holds 100.0% of entity awards — concentration risk', 'Supplier linked to 7 confirmed fraud case(s)', 'Supplier appears in 12 Auditor-General finding(s)', '100% repeat supplier rate — limited supplier diversity (S.3 Act 663)']","['award_concentration decreases fraud risk (impact: 2.253)', 'supplier_risk_score decreases fraud risk (impact: 1.696)', 'entity_frequency increases fraud risk (impact: 1.105)']",['S.3 Act 663 (Transparency and Accountability)'],0
80,Office of the Attorney- General and Ministry of Justice,Volterra Fietta,0.9,4.9,🟢 MONITOR,"['Supplier holds 100.0% of entity awards — concentration risk', '100% repeat supplier rate — limited supplier diversity (S.3 Act 663)']","['supplier_risk_score decreases fraud risk (impact: 3.892)', 'award_concentration decreases fraud risk (impact: 1.572)', 'entity_frequency increases fraud risk (impact: 0.906)']",['S.3 Act 663 (Transparency and Accountability)'],0
81,Minerals Income Investment Fund (MIIF),IMARA Corporate Finance SA,99.4,53.8,🔴 ESCALATE,"['Supplier holds 33.3% of entity awards — concentration risk', 'Supplier linked to 1 confirmed fraud case(s)', '2 of 3 contracts confirmed fraudulent (66% fraud rate)', '100% repeat supplier rate — limited supplier diversity (S.3 Act 663)']","['supplier_risk_score increases fraud risk (impact: 4.780)', 'award_concentration increases fraud risk (impact: 1.060)', 'method_abuse_score decreases fraud risk (impact: 0.470)']",['S.3 Act 663 (Transparency and Accountability)'],1
82,National Centre for Radiotherapy and Nuclear Medicine (NCRNM),Unknown,1.3,26.3,🟢 MONITOR,"['Sole source procurement used (S.38-41 Act 663)', 'Supplier holds 100.0% of entity awards — concentration risk', 'Procurement method abuse pattern detected (S.40-41 Act 663)', 'Supplier linked to 7 confirmed fraud case(s)', 'Supplier appears in 12 Auditor-General finding(s)', '100% of contracts are sole source — systematic bypass of competition (S.40-41 Act 663)', 'Entity method abuse score: 1.00 — pattern of procurement rule circumvention', '100% repeat supplier rate — limited supplier diversity (S.3 Act 663)']","['award_concentration decreases fraud risk (impact: 2.585)', 'supplier_risk_score decreases fraud risk (impact: 1.872)', 'is_sole_source decreases fraud risk (impact: 1.155)']","['S.38-41 Act 663 (Sole Source Procurement)', 'S.40-41 Act 663 (Procurement Method Abuse)', 'S.3 Act 663 (Transparency and Accountability)']",0
83,Ghana National Gas Company Ltd,Startrack International Ghana Limited,0.9,4.9,🟢 MONITOR,"['Supplier holds 100.0% of entity awards — concentration risk', '100% repeat supplier rate — limited supplier diversity (S.3 Act 663)']","['supplier_risk_score decreases fraud risk (impact: 3.892)', 'award_concentration decreases fraud risk (impact: 1.572)', 'entity_frequency increases fraud risk (impact: 0.906)']",['S.3 Act 663 (Transparency and Accountability)'],0
84,Scholarship Secretariat,KLM Cargo,0.4,4.7,🟢 MONITOR,"['Supplier holds 66.7% of entity awards — concentration risk', '100% repeat supplier rate — limited supplier diversity (S.3 Act 663)']","['supplier_risk_score decreases fraud risk (impact: 3.897)', 'entity_frequency decreases fraud risk (impact: 0.833)', 'method_abuse_score decreases fraud risk (impact: 0.486)']",['S.3 Act 663 (Transparency and Accountability)'],0
85,Ghana Health Services (GHS),Information Governance Solutions (IGS),0.9,4.9,🟢 MONITOR,"['Supplier holds 100.0% of entity awards — concentration risk', '100% repeat supplier rate — limited supplier diversity (S.3 Act 663)']","['supplier_risk_score decreases fraud risk (impact: 3.892)', 'award_concentration decreases fraud risk (impact: 1.572)', 'entity_frequency increases fraud risk (impact: 0.906)']",['S.3 Act 663 (Transparency and Accountability)'],0
86,University of Ghana (UG),Kingdom Books and Stationery Limited,0.6,6.2,🟢 MONITOR,"['Supplier appears in 1 Auditor-General finding(s)', '66% of contracts flagged by Auditor-General — systemic oversight failure (S.2 Act 663)', 'Audit intensity score: 2.22 — entity under sustained scrutiny']","['supplier_risk_score decreases fraud risk (impact: 4.085)', 'entity_frequency decreases fraud risk (impact: 1.227)', 'award_concentration increases fraud risk (impact: 0.665)']",['S.92-93 Act 663 (Procurement Offences)'],0
87,Korle Bu Teaching Hospital (KBTH),Life Care Technology Limited and Paracelsus pharmacy Limited through sole source,1.1,12.9,🟢 MONITOR,"['Sole source procurement used (S.38-41 Act 663)', '100% of awards were sole source — bypasses competition (S.38-41)', '42% sole source rate — above acceptable threshold (S.40-41 Act 663)', 'Entity method abuse score: 0.43 — pattern of procurement rule circumvention', '85% repeat supplier rate — limited supplier diversity (S.3 Act 663)']","['supplier_risk_score decreases fraud risk (impact: 3.700)', 'entity_frequency decreases fraud risk (impact: 1.198)', 'award_concentration increases fraud risk (impact: 0.679)']","['S.38-41 Act 663 (Sole Source Procurement)', 'S.40-41 Act 663 (Procurement Method Abuse)']",0
88,Ghana National Petroleum Corporation (GNPC),Messrs. David Sharp as an expert witness,0.8,3.3,🟢 MONITOR,['Supplier holds 33.3% of entity awards — concentration risk'],"['supplier_risk_score decreases fraud risk (impact: 4.267)', 'award_concentration increases fraud risk (impact: 1.046)', 'supplier_frequency decreases fraud risk (impact: 0.925)']",['S.3 Act 663 (Transparency and Accountability)'],0
89,Scholarship Secretariat (SLA),Messrs Orcons Systems Limited,0.4,4.7,🟢 MONITOR,"['Supplier holds 100.0% of entity awards — concentration risk', '100% repeat supplier rate — limited supplier diversity (S.3 Act 663)']","['supplier_risk_score decreases fraud risk (impact: 3.971)', 'award_concentration decreases fraud risk (impact: 1.229)', 'entity_frequency increases fraud risk (impact: 0.763)']",['S.3 Act 663 (Transparency and Accountability)'],0
90,Ghana Police Service (GPS),University of Professional Studies (UPSA),0.9,4.9,🟢 MONITOR,"['Supplier holds 100.0% of entity awards — concentration risk', '100% repeat supplier rate — limited supplier diversity (S.3 Act 663)']","['supplier_risk_score decreases fraud risk (impact: 3.892)', 'award_concentration decreases fraud risk (impact: 1.572)', 'entity_frequency increases fraud risk (impact: 0.906)']",['S.3 Act 663 (Transparency and Accountability)'],0
91,Korle Bu Teaching Hospital (KBTH),Unknown,3.1,18.2,🟢 MONITOR,"['Supplier holds 57.1% of entity awards — concentration risk', 'Supplier linked to 7 confirmed fraud case(s)', 'Supplier appears in 12 Auditor-General finding(s)', '42% sole source rate — above acceptable threshold (S.40-41 Act 663)', 'Entity method abuse score: 0.43 — pattern of procurement rule circumvention', '85% repeat supplier rate — limited supplier diversity (S.3 Act 663)']","['entity_frequency decreases fraud risk (impact: 2.064)', 'supplier_risk_score decreases fraud risk (impact: 1.548)', 'method_abuse_score increases fraud risk (impact: 0.531)']","['S.40-41 Act 663 (Procurement Method Abuse)', 'S.3 Act 663 (Transparency and Accountability)']",0
92,Ghana Airports Company Limited (GACL),KNK Services Limited,0.4,3.2,🟢 MONITOR,['Supplier holds 100.0% of entity awards — concentration risk'],"['supplier_risk_score decreases fraud risk (impact: 3.971)', 'award_concentration decreases fraud risk (impact: 1.229)', 'entity_frequency increases fraud risk (impact: 0.763)']",['S.3 Act 663 (Transparency and Accountability)'],0
93,Ghana Statistical Service (GSS),Mr. Andrews Fosuhene,0.8,3.3,🟢 MONITOR,['Supplier holds 50.0% of entity awards — concentration risk'],"['supplier_risk_score decreases fraud risk (impact: 4.182)', 'award_concentration decreases fraud risk (impact: 0.556)', 'method_abuse_score decreases fraud risk (impact: 0.548)']",['S.3 Act 663 (Transparency and Accountability)'],0
94,National Health Insurance Authority (NHIS),Messrs. SIP Consult Limited,1.0,14.2,🟢 MONITOR,"['Supplier holds 50.0% of entity awards — concentration risk', 'Entity variation abuse rate: 100.0%', '50% of contracts have variations — inflation risk', '100% of contracts are variations — systematic inflation pattern (S.87 Act 663)', '50% sole source rate — above acceptable threshold (S.40-41 Act 663)', 'Entity method abuse score: 0.50 — pattern of procurement rule circumvention']","['supplier_risk_score decreases fraud risk (impact: 4.426)', 'supplier_frequency decreases fraud risk (impact: 1.094)', 'method_abuse_score increases fraud risk (impact: 0.712)']","['S.40-41 Act 663 (Procurement Method Abuse)', 'S.87 Act 663 (Contract Variations)', 'S.3 Act 663 (Transparency and Accountability)']",0
95,Ghana Prisons Service (GPS),Coded Innovation Technology Services,0.4,3.2,🟢 MONITOR,['Supplier holds 100.0% of entity awards — concentration risk'],"['supplier_risk_score decreases fraud risk (impact: 3.971)', 'award_concentration decreases fraud risk (impact: 1.229)', 'entity_frequency increases fraud risk (impact: 0.763)']",['S.3 Act 663 (Transparency and Accountability)'],0
96,National Health Insurance Authority (NHIS),Top Archive Limited,1.0,21.7,🟢 MONITOR,"['Sole source procurement used (S.38-41 Act 663)', 'Supplier holds 50.0% of entity awards — concentration risk', 'Entity variation abuse rate: 100.0%', '100% of awards were sole source — bypasses competition (S.38-41)', '100% of contracts have variations — inflation risk', '100% of contracts are variations — systematic inflation pattern (S.87 Act 663)', '50% sole source rate — above acceptable threshold (S.40-41 Act 663)', 'Entity method abuse score: 0.50 — pattern of procurement rule circumvention']","['supplier_risk_score decreases fraud risk (impact: 4.028)', 'supplier_frequency decreases fraud risk (impact: 1.094)', 'method_abuse_score increases fraud risk (impact: 0.676)']","['S.38-41 Act 663 (Sole Source Procurement)', 'S.40-41 Act 663 (Procurement Method Abuse)', 'S.87 Act 663 (Contract Variations)', 'S.3 Act 663 (Transparency and Accountability)']",0
97,Driver and Vehicle Licensing Authority (DVLA),Godking Agile Systems Limited,0.4,3.2,🟢 MONITOR,['Supplier holds 100.0% of entity awards — concentration risk'],"['supplier_risk_score decreases fraud risk (impact: 3.971)', 'award_concentration decreases fraud risk (impact: 1.229)', 'entity_frequency increases fraud risk (impact: 0.763)']",['S.3 Act 663 (Transparency and Accountability)'],0
98,Ghana Statistical Service (GSS),Messrs. MM Global Ventures Limited (Mr. Martin Kwakye) as Consultant,0.2,3.1,🟢 MONITOR,['Supplier holds 50.0% of entity awards — concentration risk'],"['supplier_risk_score decreases fraud risk (impact: 4.290)', 'supplier_frequency decreases fraud risk (impact: 0.906)', 'award_concentration decreases fraud risk (impact: 0.597)']",['S.3 Act 663 (Transparency and Accountability)'],0
99,University of Environment and Sustainable Development (UESD),Messrs. ROPAT System Limited,0.4,3.2,🟢 MONITOR,['Supplier holds 100.0% of entity awards — concentration risk'],"['supplier_risk_score decreases fraud risk (impact: 3.971)', 'award_concentration decreases fraud risk (impact: 1.229)', 'entity_frequency increases fraud risk (impact: 0.763)']",['S.3 Act 663 (Transparency and Accountability)'],0
100,Ministry of Finance (MoF),Chindit Defence Technologies LLP,0.9,15.9,🟢 MONITOR,"['Supplier appears in 1 Auditor-General finding(s)', '1 variation(s) independently flagged by Auditor-General', '1 sole source contract(s) flagged by Auditor-General', '2 of 13 contracts confirmed fraudulent (15% fraud rate)', '84% of contracts flagged by Auditor-General — systemic oversight failure (S.2 Act 663)', 'Audit intensity score: 15.23 — entity under sustained scrutiny']","['supplier_risk_score decreases fraud risk (impact: 4.077)', 'entity_frequency decreases fraud risk (impact: 1.059)', 'award_concentration increases fraud risk (impact: 0.503)']",['S.92-93 Act 663 (Procurement Offences)'],0
101,Ministry of Lands and Natural Resources,Messrs. Ankamah Legal Consultancy,0.4,3.2,🟢 MONITOR,['Supplier holds 100.0% of entity awards — concentration risk'],"['supplier_risk_score decreases fraud risk (impact: 3.971)', 'award_concentration decreases fraud risk (impact: 1.229)', 'entity_frequency increases fraud risk (impact: 0.763)']",['S.3 Act 663 (Transparency and Accountability)'],0
102,Driver and Vehicle Licensing Authority,Unknown,1.3,26.3,🟢 MONITOR,"['Sole source procurement used (S.38-41 Act 663)', 'Supplier holds 100.0% of entity awards — concentration risk', 'Procurement method abuse pattern detected (S.40-41 Act 663)', 'Supplier linked to 7 confirmed fraud case(s)', 'Supplier appears in 12 Auditor-General finding(s)', '100% of contracts are sole source — systematic bypass of competition (S.40-41 Act 663)', 'Entity method abuse score: 1.00 — pattern of procurement rule circumvention', '100% repeat supplier rate — limited supplier diversity (S.3 Act 663)']","['award_concentration decreases fraud risk (impact: 2.585)', 'supplier_risk_score decreases fraud risk (impact: 1.872)', 'is_sole_source decreases fraud risk (impact: 1.155)']","['S.38-41 Act 663 (Sole Source Procurement)', 'S.40-41 Act 663 (Procurement Method Abuse)', 'S.3 Act 663 (Transparency and Accountability)']",0
103,Ghana Tourism Authority,Unknown,1.8,14.2,🟢 MONITOR,"['Supplier holds 100.0% of entity awards — concentration risk', 'Supplier linked to 7 confirmed fraud case(s)', 'Supplier appears in 12 Auditor-General finding(s)', '100% repeat supplier rate — limited supplier diversity (S.3 Act 663)']","['award_concentration decreases fraud risk (impact: 2.323)', 'supplier_risk_score decreases fraud risk (impact: 1.718)', 'method_abuse_score decreases fraud risk (impact: 0.435)']",['S.3 Act 663 (Transparency and Accountability)'],0
104,Ghana Tourism Authority,Unknown,1.8,14.2,🟢 MONITOR,"['Supplier holds 100.0% of entity awards — concentration risk', 'Supplier linked to 7 confirmed fraud case(s)', 'Supplier appears in 12 Auditor-General finding(s)', '100% repeat supplier rate — limited supplier diversity (S.3 Act 663)']","['award_concentration decreases fraud risk (impact: 2.323)', 'supplier_risk_score decreases fraud risk (impact: 1.718)', 'method_abuse_score decreases fraud risk (impact: 0.435)']",['S.3 Act 663 (Transparency and Accountability)'],0
105,Ministry of Health (MoH),Unknown,3.9,18.6,🟢 MONITOR,"['Supplier holds 100.0% of entity awards — concentration risk', 'Supplier linked to 7 confirmed fraud case(s)', 'Supplier appears in 12 Auditor-General finding(s)', '50% sole source rate — above acceptable threshold (S.40-41 Act 663)', 'Entity method abuse score: 0.50 — pattern of procurement rule circumvention', '100% repeat supplier rate — limited supplier diversity (S.3 Act 663)']","['award_concentration decreases fraud risk (impact: 2.657)', 'supplier_risk_score decreases fraud risk (impact: 1.539)', 'method_abuse_score increases fraud risk (impact: 0.521)']","['S.40-41 Act 663 (Procurement Method Abuse)', 'S.3 Act 663 (Transparency and Accountability)']",0
106,Minerals Income Investment Fund (MIIF),IMARA Corporate Finance (PTY) and Algebra Securities Ltd,2.7,9.1,🟢 MONITOR,"['Supplier holds 33.3% of entity awards — concentration risk', '2 of 3 contracts confirmed fraudulent (66% fraud rate)', '100% repeat supplier rate — limited supplier diversity (S.3 Act 663)']","['supplier_risk_score decreases fraud risk (impact: 4.160)', 'award_concentration increases fraud risk (impact: 1.194)', 'method_abuse_score decreases fraud risk (impact: 0.501)']",['S.3 Act 663 (Transparency and Accountability)'],0
107,Social Security and National Insurance Trust (SSNIT),Zirconia Enterprise Limited due,0.2,9.8,🟢 MONITOR,"['Sole source procurement used (S.38-41 Act 663)', '100% of awards were sole source — bypasses competition (S.38-41)', '100% of contracts have variations — inflation risk']","['supplier_risk_score decreases fraud risk (impact: 3.748)', 'entity_frequency decreases fraud risk (impact: 1.084)', 'supplier_frequency decreases fraud risk (impact: 0.848)']","['S.38-41 Act 663 (Sole Source Procurement)', 'S.87 Act 663 (Contract Variations)']",0
108,Social Security and National Insurance Trust (SSNIT),Unknown,5.6,11.2,🟢 MONITOR,"['Supplier linked to 7 confirmed fraud case(s)', 'Supplier appears in 12 Auditor-General finding(s)']","['entity_frequency decreases fraud risk (impact: 1.647)', 'supplier_risk_score decreases fraud risk (impact: 1.598)', 'award_concentration increases fraud risk (impact: 0.698)']",['No specific violations flagged'],0
109,Ministry of Health (MOH),Unknown,4.8,15.4,🟢 MONITOR,"['Supplier holds 100.0% of entity awards — concentration risk', 'Supplier linked to 7 confirmed fraud case(s)', 'Supplier appears in 12 Auditor-General finding(s)', '100% repeat supplier rate — limited supplier diversity (S.3 Act 663)']","['award_concentration decreases fraud risk (impact: 2.253)', 'supplier_risk_score decreases fraud risk (impact: 1.696)', 'entity_frequency increases fraud risk (impact: 1.105)']",['S.3 Act 663 (Transparency and Accountability)'],0
110,Ghana Gas,Messrs. Studio HD for the provision of Event Management Services,99.6,56.8,🔴 ESCALATE,"['Supplier linked to 1 confirmed fraud case(s)', 'Supplier appears in 1 Auditor-General finding(s)', '1 of 1 contracts confirmed fraudulent (100% fraud rate)', '100% of contracts flagged by Auditor-General — systemic oversight failure (S.2 Act 663)', 'Average supplier risk score: 1.00 — entity consistently awards to high-risk suppliers']","['supplier_risk_score increases fraud risk (impact: 5.035)', 'entity_frequency increases fraud risk (impact: 0.744)', 'supplier_frequency decreases fraud risk (impact: 0.522)']",['S.92-93 Act 663 (Procurement Offences)'],1
111,Bulk Oil Storage and Transportatio n Company Limited (BOST),Messrs Keikins Logistics Limited,0.3,1.6,🟢 MONITOR,['25% variation rate — elevated above normal threshold'],"['supplier_risk_score decreases fraud risk (impact: 4.091)', 'supplier_frequency decreases fraud risk (impact: 1.042)', 'method_abuse_score decreases fraud risk (impact: 0.626)']",['No specific violations flagged'],0
112,Bulk Oil Storage and Transportatio n Company Limited (BOST),Messrs. Treatol Ghana Limited,0.3,1.6,🟢 MONITOR,['25% variation rate — elevated above normal threshold'],"['supplier_risk_score decreases fraud risk (impact: 4.091)', 'supplier_frequency decreases fraud risk (impact: 1.042)', 'method_abuse_score decreases fraud risk (impact: 0.626)']",['No specific violations flagged'],0
113,Ghana Ports and Harbours Authority,"Messrs. Certification, Inspection and Training Ghana Limited",99.8,57.4,🔴 ESCALATE,"['Supplier holds 33.3% of entity awards — concentration risk', 'Supplier linked to 1 confirmed fraud case(s)', '50% sole source rate — above acceptable threshold (S.40-41 Act 663)', '1 sole source contract(s) confirmed fraudulent', '2 of 2 contracts confirmed fraudulent (100% fraud rate)']","['supplier_risk_score increases fraud risk (impact: 4.905)', 'award_concentration increases fraud risk (impact: 1.024)', 'entity_frequency increases fraud risk (impact: 0.614)']",['S.3 Act 663 (Transparency and Accountability)'],1
114,Ghana Ports and Harbours Authority,Unknown,46.4,43.6,🟡 REVIEW,"['Sole source procurement used (S.38-41 Act 663)', 'Supplier holds 66.7% of entity awards — concentration risk', 'Supplier linked to 7 confirmed fraud case(s)', 'Supplier appears in 12 Auditor-General finding(s)', '50% sole source rate — above acceptable threshold (S.40-41 Act 663)', '1 sole source contract(s) confirmed fraudulent', '2 of 2 contracts confirmed fraudulent (100% fraud rate)']","['supplier_risk_score decreases fraud risk (impact: 1.392)', 'entity_frequency increases fraud risk (impact: 1.225)', 'is_sole_source decreases fraud risk (impact: 0.818)']","['S.38-41 Act 663 (Sole Source Procurement)', 'S.3 Act 663 (Transparency and Accountability)']",1
115,National Petroleum Authority (NPA),Unknown,3.5,30.9,🟢 MONITOR,"['Sole source procurement used (S.38-41 Act 663)', 'Supplier holds 41.7% of entity awards — concentration risk', 'Entity variation abuse rate: 33.3%', 'Supplier linked to 7 confirmed fraud case(s)', 'Supplier appears in 12 Auditor-General finding(s)', '33% variation rate — elevated above normal threshold', '33% sole source rate — above acceptable threshold (S.40-41 Act 663)', '1 sole source contract(s) confirmed fraudulent', '1 of 12 contracts confirmed fraudulent (8% fraud rate)', '83% repeat supplier rate — limited supplier diversity (S.3 Act 663)']","['supplier_risk_score decreases fraud risk (impact: 1.924)', 'entity_frequency decreases fraud risk (impact: 1.601)', 'is_sole_source decreases fraud risk (impact: 0.901)']","['S.38-41 Act 663 (Sole Source Procurement)', 'S.87 Act 663 (Contract Variations)', 'S.3 Act 663 (Transparency and Accountability)']",0
116,Bulk Oil Storage and Transportatio n Company Limited (BOST),Unknown,13.6,15.9,🟢 MONITOR,"['Supplier linked to 7 confirmed fraud case(s)', 'Supplier appears in 12 Auditor-General finding(s)', '25% variation rate — elevated above normal threshold']","['supplier_risk_score decreases fraud risk (impact: 1.530)', 'award_concentration increases fraud risk (impact: 0.874)', 'method_abuse_score decreases fraud risk (impact: 0.808)']",['S.87 Act 663 (Contract Variations)'],0
117,Ghana Export Promotion Authority (GEPA),Unknown,4.9,24.0,🟢 MONITOR,"['Sole source procurement used (S.38-41 Act 663)', 'Supplier holds 33.3% of entity awards — concentration risk', 'Supplier linked to 7 confirmed fraud case(s)', 'Supplier appears in 12 Auditor-General finding(s)', '33% sole source rate — above acceptable threshold (S.40-41 Act 663)', '1 of 6 contracts confirmed fraudulent (16% fraud rate)']","['supplier_risk_score decreases fraud risk (impact: 1.723)', 'entity_frequency decreases fraud risk (impact: 1.583)', 'award_concentration increases fraud risk (impact: 1.480)']","['S.38-41 Act 663 (Sole Source Procurement)', 'S.3 Act 663 (Transparency and Accountability)']",0
118,Ghana Export Promotion Authority (GEPA),Unknown,4.9,24.0,🟢 MONITOR,"['Sole source procurement used (S.38-41 Act 663)', 'Supplier holds 33.3% of entity awards — concentration risk', 'Supplier linked to 7 confirmed fraud case(s)', 'Supplier appears in 12 Auditor-General finding(s)', '33% sole source rate — above acceptable threshold (S.40-41 Act 663)', '1 of 6 contracts confirmed fraudulent (16% fraud rate)']","['supplier_risk_score decreases fraud risk (impact: 1.723)', 'entity_frequency decreases fraud risk (impact: 1.583)', 'award_concentration increases fraud risk (impact: 1.480)']","['S.38-41 Act 663 (Sole Source Procurement)', 'S.3 Act 663 (Transparency and Accountability)']",0
119,Ministry of Finance (MoF),Unknown,1.0,33.2,🟢 MONITOR,"['Sole source procurement used (S.38-41 Act 663)', 'Variation issued on audit-flagged contract (S.59 Act 663)', 'Supplier holds 46.2% of entity awards — concentration risk', 'Supplier linked to 7 confirmed fraud case(s)', 'Supplier appears in 12 Auditor-General finding(s)', '1 variation(s) independently flagged by Auditor-General', '1 sole source contract(s) flagged by Auditor-General', '2 of 13 contracts confirmed fraudulent (15% fraud rate)', '84% of contracts flagged by Auditor-General — systemic oversight failure (S.2 Act 663)', 'Audit intensity score: 15.23 — entity under sustained scrutiny']","['supplier_risk_score decreases fraud risk (impact: 2.019)', 'entity_frequency decreases fraud risk (impact: 1.570)', 'is_sole_source decreases fraud risk (impact: 0.785)']","['S.38-41 Act 663 (Sole Source Procurement)', 'S.92-93 Act 663 (Procurement Offences)', 'S.87 Act 663 (Contract Variations)', 'S.3 Act 663 (Transparency and Accountability)']",0
120,Ministry of Finance (MoF),Unknown,3.4,25.9,🟢 MONITOR,"['Supplier holds 46.2% of entity awards — concentration risk', 'Supplier linked to 7 confirmed fraud case(s)', 'Supplier appears in 12 Auditor-General finding(s)', '1 variation(s) independently flagged by Auditor-General', '1 sole source contract(s) flagged by Auditor-General', '2 of 13 contracts confirmed fraudulent (15% fraud rate)', '84% of contracts flagged by Auditor-General — systemic oversight failure (S.2 Act 663)', 'Audit intensity score: 15.23 — entity under sustained scrutiny']","['supplier_risk_score decreases fraud risk (impact: 1.714)', 'entity_frequency decreases fraud risk (impact: 1.570)', 'audit_intensity decreases fraud risk (impact: 0.322)']","['S.92-93 Act 663 (Procurement Offences)', 'S.3 Act 663 (Transparency and Accountability)']",0
121,Ministry of Finance (MoF),Messrs KRL LLC,0.5,15.7,🟢 MONITOR,"['Supplier appears in 1 Auditor-General finding(s)', '1 variation(s) independently flagged by Auditor-General', '1 sole source contract(s) flagged by Auditor-General', '2 of 13 contracts confirmed fraudulent (15% fraud rate)', '84% of contracts flagged by Auditor-General — systemic oversight failure (S.2 Act 663)', 'Audit intensity score: 15.23 — entity under sustained scrutiny']","['supplier_risk_score decreases fraud risk (impact: 4.146)', 'entity_frequency decreases fraud risk (impact: 0.854)', 'supplier_frequency decreases fraud risk (impact: 0.671)']",['S.92-93 Act 663 (Procurement Offences)'],0
122,National Cardiothoraci c Centre (NCTC),Unknown,0.7,26.0,🟢 MONITOR,"['Sole source procurement used (S.38-41 Act 663)', 'Supplier holds 100.0% of entity awards — concentration risk', 'Procurement method abuse pattern detected (S.40-41 Act 663)', 'Supplier linked to 7 confirmed fraud case(s)', 'Supplier appears in 12 Auditor-General finding(s)', '100% of contracts are sole source — systematic bypass of competition (S.40-41 Act 663)', 'Entity method abuse score: 1.00 — pattern of procurement rule circumvention', '100% repeat supplier rate — limited supplier diversity (S.3 Act 663)']","['award_concentration decreases fraud risk (impact: 2.625)', 'supplier_risk_score decreases fraud risk (impact: 1.894)', 'is_sole_source decreases fraud risk (impact: 1.155)']","['S.38-41 Act 663 (Sole Source Procurement)', 'S.40-41 Act 663 (Procurement Method Abuse)', 'S.3 Act 663 (Transparency and Accountability)']",0
123,National Cardiothoraci c Centre (NCTC),Unknown,0.7,26.0,🟢 MONITOR,"['Sole source procurement used (S.38-41 Act 663)', 'Supplier holds 100.0% of entity awards — concentration risk', 'Procurement method abuse pattern detected (S.40-41 Act 663)', 'Supplier linked to 7 confirmed fraud case(s)', 'Supplier appears in 12 Auditor-General finding(s)', '100% of contracts are sole source — systematic bypass of competition (S.40-41 Act 663)', 'Entity method abuse score: 1.00 — pattern of procurement rule circumvention', '100% repeat supplier rate — limited supplier diversity (S.3 Act 663)']","['award_concentration decreases fraud risk (impact: 2.625)', 'supplier_risk_score decreases fraud risk (impact: 1.894)', 'is_sole_source decreases fraud risk (impact: 1.155)']","['S.38-41 Act 663 (Sole Source Procurement)', 'S.40-41 Act 663 (Procurement Method Abuse)', 'S.3 Act 663 (Transparency and Accountability)']",0
124,Korle Bu Teaching Hospital (KBTH),Unknown,0.6,21.7,🟢 MONITOR,"['Sole source procurement used (S.38-41 Act 663)', 'Supplier holds 57.1% of entity awards — concentration risk', 'Supplier linked to 7 confirmed fraud case(s)', 'Supplier appears in 12 Auditor-General finding(s)', '42% sole source rate — above acceptable threshold (S.40-41 Act 663)', 'Entity method abuse score: 0.43 — pattern of procurement rule circumvention', '85% repeat supplier rate — limited supplier diversity (S.3 Act 663)']","['entity_frequency decreases fraud risk (impact: 2.064)', 'supplier_risk_score decreases fraud risk (impact: 1.960)', 'is_sole_source decreases fraud risk (impact: 0.939)']","['S.38-41 Act 663 (Sole Source Procurement)', 'S.40-41 Act 663 (Procurement Method Abuse)', 'S.3 Act 663 (Transparency and Accountability)']",0
125,National Petroleum Authority (NPA),Unknown,3.5,30.9,🟢 MONITOR,"['Sole source procurement used (S.38-41 Act 663)', 'Supplier holds 41.7% of entity awards — concentration risk', 'Entity variation abuse rate: 33.3%', 'Supplier linked to 7 confirmed fraud case(s)', 'Supplier appears in 12 Auditor-General finding(s)', '33% variation rate — elevated above normal threshold', '33% sole source rate — above acceptable threshold (S.40-41 Act 663)', '1 sole source contract(s) confirmed fraudulent', '1 of 12 contracts confirmed fraudulent (8% fraud rate)', '83% repeat supplier rate — limited supplier diversity (S.3 Act 663)']","['supplier_risk_score decreases fraud risk (impact: 1.924)', 'entity_frequency decreases fraud risk (impact: 1.601)', 'is_sole_source decreases fraud risk (impact: 0.901)']","['S.38-41 Act 663 (Sole Source Procurement)', 'S.3 Act 663 (Transparency and Accountability)']",1
126,Ghana Cocoa Board (COCOBOD),Unknown,2.3,19.4,🟢 MONITOR,"['Supplier holds 66.7% of entity awards — concentration risk', 'Supplier linked to 7 confirmed fraud case(s)', 'Supplier appears in 12 Auditor-General finding(s)', '1 of 3 contracts confirmed fraudulent (33% fraud rate)', '33% of contracts flagged by Auditor-General — systemic oversight failure (S.2 Act 663)', 'Audit intensity score: 1.00 — entity under sustained scrutiny']","['supplier_risk_score decreases fraud risk (impact: 1.558)', 'entity_frequency decreases fraud risk (impact: 0.960)', 'method_abuse_score decreases fraud risk (impact: 0.605)']",['S.3 Act 663 (Transparency and Accountability)'],0
127,Ghana Revenue Authority (GRA),Persol System Limited,1.0,16.9,🟢 MONITOR,"['Sole source procurement used (S.38-41 Act 663)', 'Supplier appears in 1 Auditor-General finding(s)', '100% of awards were sole source — bypasses competition (S.38-41)', '1 sole source contract(s) flagged by Auditor-General', '80% of contracts flagged by Auditor-General — systemic oversight failure (S.2 Act 663)', 'Audit intensity score: 12.80 — entity under sustained scrutiny']","['supplier_risk_score decreases fraud risk (impact: 3.770)', 'entity_frequency decreases fraud risk (impact: 0.861)', 'award_concentration increases fraud risk (impact: 0.776)']","['S.38-41 Act 663 (Sole Source Procurement)', 'S.92-93 Act 663 (Procurement Offences)']",0
128,Ministry of Education,Messrs. Enterprise Insurance Company Ltd,0.2,6.6,🟢 MONITOR,"['Supplier holds 50.0% of entity awards — concentration risk', '1 of 2 contracts confirmed fraudulent (50% fraud rate)']","['supplier_risk_score decreases fraud risk (impact: 4.290)', 'supplier_frequency decreases fraud risk (impact: 0.906)', 'award_concentration decreases fraud risk (impact: 0.597)']",['S.3 Act 663 (Transparency and Accountability)'],0
129,Bank of Ghana,Messrs. IT Market Limited,0.5,9.2,🟢 MONITOR,"['Supplier appears in 1 Auditor-General finding(s)', '1 sole source contract(s) flagged by Auditor-General', '100% of contracts flagged by Auditor-General — systemic oversight failure (S.2 Act 663)', 'Audit intensity score: 35.00 — entity under sustained scrutiny']","['supplier_risk_score decreases fraud risk (impact: 4.219)', 'entity_frequency decreases fraud risk (impact: 0.774)', 'supplier_frequency decreases fraud risk (impact: 0.707)']",['S.92-93 Act 663 (Procurement Offences)'],0
130,Bank of Ghana,Unknown,0.3,22.6,🟢 MONITOR,"['Sole source procurement used (S.38-41 Act 663)', 'Supplier holds 60.0% of entity awards — concentration risk', 'Supplier linked to 7 confirmed fraud case(s)', 'Supplier appears in 12 Auditor-General finding(s)', '1 sole source contract(s) flagged by Auditor-General', '100% of contracts flagged by Auditor-General — systemic oversight failure (S.2 Act 663)', 'Audit intensity score: 35.00 — entity under sustained scrutiny']","['supplier_risk_score decreases fraud risk (impact: 2.028)', 'entity_frequency decreases fraud risk (impact: 1.928)', 'is_sole_source decreases fraud risk (impact: 0.785)']","['S.38-41 Act 663 (Sole Source Procurement)', 'S.92-93 Act 663 (Procurement Offences)', 'S.3 Act 663 (Transparency and Accountability)']",0
131,University of Ghana (UG),Messrs. Prerceingle catering Services,0.4,6.2,🟢 MONITOR,"['Supplier appears in 1 Auditor-General finding(s)', '66% of contracts flagged by Auditor-General — systemic oversight failure (S.2 Act 663)', 'Audit intensity score: 2.22 — entity under sustained scrutiny']","['supplier_risk_score decreases fraud risk (impact: 4.153)', 'entity_frequency decreases fraud risk (impact: 1.057)', 'supplier_frequency decreases fraud risk (impact: 0.636)']",['S.92-93 Act 663 (Procurement Offences)'],0
132,National Health Insurance Authority (NHIA),Messrs. Zoomlion Ghana Limited,0.2,4.6,🟢 MONITOR,"['Supplier holds 50.0% of entity awards — concentration risk', '100% repeat supplier rate — limited supplier diversity (S.3 Act 663)']","['supplier_risk_score decreases fraud risk (impact: 4.290)', 'supplier_frequency decreases fraud risk (impact: 0.906)', 'award_concentration decreases fraud risk (impact: 0.597)']",['S.3 Act 663 (Transparency and Accountability)'],0
133,Social Security and National Insurance Trust (SSNIT),Unknown,5.6,11.2,🟢 MONITOR,"['Supplier linked to 7 confirmed fraud case(s)', 'Supplier appears in 12 Auditor-General finding(s)']","['entity_frequency decreases fraud risk (impact: 1.647)', 'supplier_risk_score decreases fraud risk (impact: 1.598)', 'award_concentration increases fraud risk (impact: 0.698)']",['No specific violations flagged'],0
134,National Identification Authority (NIA),Metro Mass Transit Limited (MMTL),0.3,5.4,🟢 MONITOR,"['Entity variation abuse rate: 40.0%', '100% of contracts have variations — inflation risk', '40% variation rate — elevated above normal threshold']","['supplier_risk_score decreases fraud risk (impact: 4.091)', 'supplier_frequency decreases fraud risk (impact: 1.042)', 'method_abuse_score decreases fraud risk (impact: 0.626)']",['S.87 Act 663 (Contract Variations)'],0
135,National Identification Authority (NIA),Unknown,3.2,13.3,🟢 MONITOR,"['Entity variation abuse rate: 40.0%', 'Supplier linked to 7 confirmed fraud case(s)', 'Supplier appears in 12 Auditor-General finding(s)', '40% variation rate — elevated above normal threshold']","['supplier_risk_score decreases fraud risk (impact: 1.650)', 'supplier_frequency decreases fraud risk (impact: 1.042)', 'method_abuse_score decreases fraud risk (impact: 0.772)']",['S.87 Act 663 (Contract Variations)'],0
136,Ghana Revenue Authority (GRA),Messrs. Digital Innova Ghana Limited,0.5,9.2,🟢 MONITOR,"['Supplier appears in 1 Auditor-General finding(s)', '1 sole source contract(s) flagged by Auditor-General', '80% of contracts flagged by Auditor-General — systemic oversight failure (S.2 Act 663)', 'Audit intensity score: 12.80 — entity under sustained scrutiny']","['supplier_risk_score decreases fraud risk (impact: 4.219)', 'entity_frequency decreases fraud risk (impact: 0.774)', 'supplier_frequency decreases fraud risk (impact: 0.707)']",['S.92-93 Act 663 (Procurement Offences)'],0
137,Lands Commission,Messrs. Aynok Holdings Ltd,0.4,3.2,🟢 MONITOR,['Supplier holds 100.0% of entity awards — concentration risk'],"['supplier_risk_score decreases fraud risk (impact: 3.971)', 'award_concentration decreases fraud risk (impact: 1.229)', 'entity_frequency increases fraud risk (impact: 0.763)']",['S.3 Act 663 (Transparency and Accountability)'],0
138,Bulk Oil Storage and Transportation Company Limited (BOST),Messrs. TSL Logistics (Ghana) Limited,99.6,60.8,🔴 ESCALATE,"['Supplier linked to 1 confirmed fraud case(s)', 'Supplier appears in 1 Auditor-General finding(s)', '1 variation(s) independently flagged by Auditor-General', '1 sole source contract(s) flagged by Auditor-General', '3 of 15 contracts confirmed fraudulent (20% fraud rate)', '33% of contracts flagged by Auditor-General — systemic oversight failure (S.2 Act 663)']","['supplier_risk_score increases fraud risk (impact: 5.500)', 'entity_frequency decreases fraud risk (impact: 0.779)', 'award_concentration increases fraud risk (impact: 0.559)']",['S.92-93 Act 663 (Procurement Offences)'],1
139,National Petroleum Authority (NPA),Nationwide Technologies Limited,1.7,15.9,🟢 MONITOR,"['Entity variation abuse rate: 33.3%', '100% of contracts have variations — inflation risk', '33% variation rate — elevated above normal threshold', '33% sole source rate — above acceptable threshold (S.40-41 Act 663)', '1 sole source contract(s) confirmed fraudulent', '1 of 12 contracts confirmed fraudulent (8% fraud rate)', '83% repeat supplier rate — limited supplier diversity (S.3 Act 663)']","['supplier_risk_score decreases fraud risk (impact: 4.061)', 'entity_frequency decreases fraud risk (impact: 1.115)', 'award_concentration increases fraud risk (impact: 0.560)']",['S.87 Act 663 (Contract Variations)'],0
140,PSC Tema Shipyard Limited (Tema Shipyard),Messrs Goil Company Limited,0.4,3.2,🟢 MONITOR,['Supplier holds 100.0% of entity awards — concentration risk'],"['supplier_risk_score decreases fraud risk (impact: 3.971)', 'award_concentration decreases fraud risk (impact: 1.229)', 'entity_frequency increases fraud risk (impact: 0.763)']",['S.3 Act 663 (Transparency and Accountability)'],0
141,Public Health Nurses School - Korle Bu,Save Rental Enterprise,0.9,4.9,🟢 MONITOR,"['Supplier holds 100.0% of entity awards — concentration risk', '100% repeat supplier rate — limited supplier diversity (S.3 Act 663)']","['supplier_risk_score decreases fraud risk (impact: 3.892)', 'award_concentration decreases fraud risk (impact: 1.572)', 'entity_frequency increases fraud risk (impact: 0.906)']",['S.3 Act 663 (Transparency and Accountability)'],0
142,Ministry of Finance (MoF),Messrs. Crown Agen Ghana Ltd (CAGL) as the Consultant,99.3,61.2,🔴 ESCALATE,"['Supplier linked to 1 confirmed fraud case(s)', 'Supplier appears in 1 Auditor-General finding(s)', '1 variation(s) independently flagged by Auditor-General', '1 sole source contract(s) flagged by Auditor-General', '2 of 13 contracts confirmed fraudulent (15% fraud rate)', '84% of contracts flagged by Auditor-General — systemic oversight failure (S.2 Act 663)', 'Audit intensity score: 15.23 — entity under sustained scrutiny']","['supplier_risk_score increases fraud risk (impact: 5.579)', 'entity_frequency decreases fraud risk (impact: 0.753)', 'award_concentration increases fraud risk (impact: 0.446)']",['S.92-93 Act 663 (Procurement Offences)'],1
143,Ministry of Transport (MoT),Kingstel Hotel,0.8,3.3,🟢 MONITOR,['Supplier holds 50.0% of entity awards — concentration risk'],"['supplier_risk_score decreases fraud risk (impact: 4.182)', 'award_concentration decreases fraud risk (impact: 0.556)', 'method_abuse_score decreases fraud risk (impact: 0.548)']",['S.3 Act 663 (Transparency and Accountability)'],0
144,Ghana National Gas Company (Ghana Gas),Messrs. Mikensy Consulting Limited,99.0,49.1,🟡 REVIEW,"['Supplier linked to 1 confirmed fraud case(s)', '1 of 6 contracts confirmed fraudulent (16% fraud rate)']","['supplier_risk_score increases fraud risk (impact: 5.622)', 'entity_frequency decreases fraud risk (impact: 0.766)', 'award_concentration increases fraud risk (impact: 0.471)']",['No specific violations flagged'],1
145,Judicial Service (JS),Messrs. Jagsroad Car Rental Limited (JCRL),0.4,3.2,🟢 MONITOR,['Supplier holds 100.0% of entity awards — concentration risk'],"['supplier_risk_score decreases fraud risk (impact: 3.971)', 'award_concentration decreases fraud risk (impact: 1.229)', 'entity_frequency increases fraud risk (impact: 0.763)']",['S.3 Act 663 (Transparency and Accountability)'],0
146,Ghana Railway Authority,Messrs. TEAM Engineering S.P.A,0.4,3.2,🟢 MONITOR,['Supplier holds 100.0% of entity awards — concentration risk'],"['supplier_risk_score decreases fraud risk (impact: 3.971)', 'award_concentration decreases fraud risk (impact: 1.229)', 'entity_frequency increases fraud risk (impact: 0.763)']",['S.3 Act 663 (Transparency and Accountability)'],0
147,Ministry of Health,Ghana Telecommunications Company Limited,1.5,2.1,🟢 MONITOR,['80% repeat supplier rate — limited supplier diversity (S.3 Act 663)'],"['supplier_risk_score decreases fraud risk (impact: 4.142)', 'entity_frequency decreases fraud risk (impact: 0.864)', 'award_concentration increases fraud risk (impact: 0.834)']",['No specific violations flagged'],0
148,University of Ghana (UG),Unknown,1.0,15.4,🟢 MONITOR,"['Supplier holds 55.6% of entity awards — concentration risk', 'Supplier linked to 7 confirmed fraud case(s)', 'Supplier appears in 12 Auditor-General finding(s)', '66% of contracts flagged by Auditor-General — systemic oversight failure (S.2 Act 663)', 'Audit intensity score: 2.22 — entity under sustained scrutiny']","['entity_frequency decreases fraud risk (impact: 2.107)', 'supplier_risk_score decreases fraud risk (impact: 1.731)', 'variation_abuse_rate decreases fraud risk (impact: 0.385)']",['S.3 Act 663 (Transparency and Accountability)'],0
149,Volta River Authority (VRA),Chase Petroleum Ghana Limited (Chase Petroleum),0.4,3.2,🟢 MONITOR,['Supplier holds 100.0% of entity awards — concentration risk'],"['supplier_risk_score decreases fraud risk (impact: 3.971)', 'award_concentration decreases fraud risk (impact: 1.229)', 'entity_frequency increases fraud risk (impact: 0.763)']",['S.3 Act 663 (Transparency and Accountability)'],0
150,National Petroleum Authority (NPA),Messrs. Docutech Ghana Limited,0.6,13.2,🟢 MONITOR,"['Entity variation abuse rate: 33.3%', '33% variation rate — elevated above normal threshold', '33% sole source rate — above acceptable threshold (S.40-41 Act 663)', '1 sole source contract(s) confirmed fraudulent', '1 of 12 contracts confirmed fraudulent (8% fraud rate)', '83% repeat supplier rate — limited supplier diversity (S.3 Act 663)']","['supplier_risk_score decreases fraud risk (impact: 4.161)', 'entity_frequency decreases fraud risk (impact: 0.935)', 'supplier_frequency decreases fraud risk (impact: 0.892)']",['No specific violations flagged'],0
151,Ghana National Gas Company (Ghana Gas),Messrs. Lockson & Minors Company Limited,0.3,3.6,🟢 MONITOR,['1 of 6 contracts confirmed fraudulent (16% fraud rate)'],"['supplier_risk_score decreases fraud risk (impact: 4.060)', 'supplier_frequency decreases fraud risk (impact: 0.985)', 'entity_frequency decreases fraud risk (impact: 0.895)']",['No specific violations flagged'],0
152,Ministry of Local Government Decentralization and Rural Development (MLGDRD),Messrs. Sysnet Solutions,0.4,3.2,🟢 MONITOR,['Supplier holds 100.0% of entity awards — concentration risk'],"['supplier_risk_score decreases fraud risk (impact: 3.971)', 'award_concentration decreases fraud risk (impact: 1.229)', 'entity_frequency increases fraud risk (impact: 0.763)']",['S.3 Act 663 (Transparency and Accountability)'],0
153,Cape Coast Technical University (CCTU),Unknown,1.3,26.3,🟢 MONITOR,"['Sole source procurement used (S.38-41 Act 663)', 'Supplier holds 100.0% of entity awards — concentration risk', 'Procurement method abuse pattern detected (S.40-41 Act 663)', 'Supplier linked to 7 confirmed fraud case(s)', 'Supplier appears in 12 Auditor-General finding(s)', '100% of contracts are sole source — systematic bypass of competition (S.40-41 Act 663)', 'Entity method abuse score: 1.00 — pattern of procurement rule circumvention', '100% repeat supplier rate — limited supplier diversity (S.3 Act 663)']","['award_concentration decreases fraud risk (impact: 2.585)', 'supplier_risk_score decreases fraud risk (impact: 1.872)', 'is_sole_source decreases fraud risk (impact: 1.155)']","['S.38-41 Act 663 (Sole Source Procurement)', 'S.40-41 Act 663 (Procurement Method Abuse)', 'S.3 Act 663 (Transparency and Accountability)']",0
154,Ministry of Railway Development (MoRD),Ghana Institute of Management and Public Administration (GIMPA) to undertake a Labour Rationalization Exercise at the Ghana Railway Company Limited,98.3,51.8,🔴 ESCALATE,"['Supplier holds 50.0% of entity awards — concentration risk', 'Supplier linked to 1 confirmed fraud case(s)', '1 of 2 contracts confirmed fraudulent (50% fraud rate)']","['supplier_risk_score increases fraud risk (impact: 4.834)', 'award_concentration decreases fraud risk (impact: 0.589)', 'method_abuse_score decreases fraud risk (impact: 0.489)']",['S.3 Act 663 (Transparency and Accountability)'],1
155,Ministry of Railway Development (MoRD),Messrs. Xingrui International Development Limited,0.2,6.6,🟢 MONITOR,"['Supplier holds 50.0% of entity awards — concentration risk', '1 of 2 contracts confirmed fraudulent (50% fraud rate)']","['supplier_risk_score decreases fraud risk (impact: 4.290)', 'supplier_frequency decreases fraud risk (impact: 0.906)', 'award_concentration decreases fraud risk (impact: 0.597)']",['S.3 Act 663 (Transparency and Accountability)'],0
156,Metro Mass Transit Limited,Unknown,2.4,13.0,🟢 MONITOR,"['Supplier holds 100.0% of entity awards — concentration risk', 'Supplier linked to 7 confirmed fraud case(s)', 'Supplier appears in 12 Auditor-General finding(s)']","['award_concentration decreases fraud risk (impact: 1.910)', 'supplier_risk_score decreases fraud risk (impact: 1.775)', 'entity_frequency increases fraud risk (impact: 0.961)']",['S.3 Act 663 (Transparency and Accountability)'],0
157,University of Professional Studies (UPSA),Unknown,4.8,15.4,🟢 MONITOR,"['Supplier holds 100.0% of entity awards — concentration risk', 'Supplier linked to 7 confirmed fraud case(s)', 'Supplier appears in 12 Auditor-General finding(s)', '100% repeat supplier rate — limited supplier diversity (S.3 Act 663)']","['award_concentration decreases fraud risk (impact: 2.253)', 'supplier_risk_score decreases fraud risk (impact: 1.696)', 'entity_frequency increases fraud risk (impact: 1.105)']",['S.3 Act 663 (Transparency and Accountability)'],0
158,National Insurance Commission (NIC),Messrs Toyota Ghana Company,99.2,54.2,🔴 ESCALATE,"['Supplier holds 100.0% of entity awards — concentration risk', 'Supplier linked to 1 confirmed fraud case(s)', '1 of 1 contracts confirmed fraudulent (100% fraud rate)', 'Average supplier risk score: 1.00 — entity consistently awards to high-risk suppliers']","['supplier_risk_score increases fraud risk (impact: 5.727)', 'award_concentration decreases fraud risk (impact: 1.080)', 'entity_frequency increases fraud risk (impact: 0.709)']",['S.3 Act 663 (Transparency and Accountability)'],1
159,Bulk Oil Storage and Transportation,Messrs. Gluma Steve Enterprise,99.8,56.9,🔴 ESCALATE,"['Supplier linked to 1 confirmed fraud case(s)', 'Supplier appears in 1 Auditor-General finding(s)', '1 of 1 contracts confirmed fraudulent (100% fraud rate)', '100% of contracts flagged by Auditor-General — systemic oversight failure (S.2 Act 663)', 'Average supplier risk score: 1.00 — entity consistently awards to high-risk suppliers']","['supplier_risk_score increases fraud risk (impact: 4.939)', 'entity_frequency increases fraud risk (impact: 0.694)', 'supplier_frequency decreases fraud risk (impact: 0.515)']",['S.92-93 Act 663 (Procurement Offences)'],1
160,"Ministry of Local Government, Decentralization and Rural Development (MLGDRD)",Unknown,86.2,62.7,🔴 ESCALATE,"['Supplier holds 33.3% of entity awards — concentration risk', 'Procurement method abuse pattern detected (S.40-41 Act 663)', 'Entity variation abuse rate: 66.7%', 'Supplier linked to 7 confirmed fraud case(s)', 'Supplier appears in 12 Auditor-General finding(s)', '66% of contracts are variations — systematic inflation pattern (S.87 Act 663)', '66% of contracts are sole source — systematic bypass of competition (S.40-41 Act 663)', 'Entity method abuse score: 0.67 — pattern of procurement rule circumvention', '1 of 6 contracts confirmed fraudulent (16% fraud rate)']","['award_concentration increases fraud risk (impact: 1.608)', 'method_abuse_score increases fraud risk (impact: 1.418)', 'entity_frequency decreases fraud risk (impact: 1.156)']","['S.40-41 Act 663 (Procurement Method Abuse)', 'S.3 Act 663 (Transparency and Accountability)']",1
161,National Petroleum Authority (NPA),Messrs. Mitsulift Ghana Limited,0.6,15.5,🟢 MONITOR,"['Entity variation abuse rate: 33.3%', '100% of contracts have variations — inflation risk', '33% variation rate — elevated above normal threshold', '33% sole source rate — above acceptable threshold (S.40-41 Act 663)', '1 sole source contract(s) confirmed fraudulent', '1 of 12 contracts confirmed fraudulent (8% fraud rate)', '83% repeat supplier rate — limited supplier diversity (S.3 Act 663)']","['supplier_risk_score decreases fraud risk (impact: 4.161)', 'entity_frequency decreases fraud risk (impact: 0.935)', 'supplier_frequency decreases fraud risk (impact: 0.892)']",['S.87 Act 663 (Contract Variations)'],0
162,Microfinance and Small Loans Centre (MASLOC),Unknown,4.8,18.9,🟢 MONITOR,"['Supplier holds 100.0% of entity awards — concentration risk', 'Supplier linked to 7 confirmed fraud case(s)', 'Supplier appears in 12 Auditor-General finding(s)', '1 of 1 contracts confirmed fraudulent (100% fraud rate)', '100% repeat supplier rate — limited supplier diversity (S.3 Act 663)']","['award_concentration decreases fraud risk (impact: 2.253)', 'supplier_risk_score decreases fraud risk (impact: 1.696)', 'entity_frequency increases fraud risk (impact: 1.105)']",['S.3 Act 663 (Transparency and Accountability)'],1
163,Bank of Ghana (BoG),Unknown,1.8,14.2,🟢 MONITOR,"['Supplier holds 75.0% of entity awards — concentration risk', 'Supplier linked to 7 confirmed fraud case(s)', 'Supplier appears in 12 Auditor-General finding(s)', '25% variation rate — elevated above normal threshold']","['supplier_risk_score decreases fraud risk (impact: 1.749)', 'entity_frequency decreases fraud risk (impact: 1.705)', 'supplier_frequency decreases fraud risk (impact: 0.949)']",['S.3 Act 663 (Transparency and Accountability)'],0
164,Bank of Ghana (BoG),Pafad Engineering and Construction Limited (Pafad Engineering),0.8,1.8,🟢 MONITOR,['25% variation rate — elevated above normal threshold'],"['supplier_risk_score decreases fraud risk (impact: 4.229)', 'supplier_frequency decreases fraud risk (impact: 1.042)', 'entity_frequency decreases fraud risk (impact: 0.636)']",['No specific violations flagged'],0
165,National Council for Curriculum and Assessment (NaCCA),Unknown,4.8,15.4,🟢 MONITOR,"['Supplier holds 100.0% of entity awards — concentration risk', 'Supplier linked to 7 confirmed fraud case(s)', 'Supplier appears in 12 Auditor-General finding(s)', '100% repeat supplier rate — limited supplier diversity (S.3 Act 663)']","['award_concentration decreases fraud risk (impact: 2.253)', 'supplier_risk_score decreases fraud risk (impact: 1.696)', 'entity_frequency increases fraud risk (impact: 1.105)']",['S.3 Act 663 (Transparency and Accountability)'],0
166,Ghana National Gas Company (GNGC),Unknown,2.5,31.8,🟢 MONITOR,"['Sole source procurement used (S.38-41 Act 663)', 'Supplier holds 100.0% of entity awards — concentration risk', 'Procurement method abuse pattern detected (S.40-41 Act 663)', 'Entity variation abuse rate: 100.0%', 'Supplier linked to 7 confirmed fraud case(s)', 'Supplier appears in 12 Auditor-General finding(s)', '100% of contracts are variations — systematic inflation pattern (S.87 Act 663)', '100% of contracts are sole source — systematic bypass of competition (S.40-41 Act 663)', 'Entity method abuse score: 1.00 — pattern of procurement rule circumvention', '100% repeat supplier rate — limited supplier diversity (S.3 Act 663)']","['award_concentration decreases fraud risk (impact: 2.543)', 'supplier_risk_score decreases fraud risk (impact: 1.833)', 'is_sole_source decreases fraud risk (impact: 1.155)']","['S.38-41 Act 663 (Sole Source Procurement)', 'S.40-41 Act 663 (Procurement Method Abuse)', 'S.87 Act 663 (Contract Variations)', 'S.3 Act 663 (Transparency and Accountability)']",0
167,University of Ghana (UG),Unknown,0.3,19.6,🟢 MONITOR,"['Sole source procurement used (S.38-41 Act 663)', 'Supplier holds 55.6% of entity awards — concentration risk', 'Supplier linked to 7 confirmed fraud case(s)', 'Supplier appears in 12 Auditor-General finding(s)', '66% of contracts flagged by Auditor-General — systemic oversight failure (S.2 Act 663)', 'Audit intensity score: 2.22 — entity under sustained scrutiny']","['entity_frequency decreases fraud risk (impact: 2.107)', 'supplier_risk_score decreases fraud risk (impact: 2.036)', 'is_sole_source decreases fraud risk (impact: 0.785)']","['S.38-41 Act 663 (Sole Source Procurement)', 'S.3 Act 663 (Transparency and Accountability)']",0
168,State Interests and Governance Authority (SIGA),"CDI Solutions, an event management firm",0.4,3.2,🟢 MONITOR,['Supplier holds 100.0% of entity awards — concentration risk'],"['supplier_risk_score decreases fraud risk (impact: 3.971)', 'award_concentration decreases fraud risk (impact: 1.229)', 'entity_frequency increases fraud risk (impact: 0.763)']",['S.3 Act 663 (Transparency and Accountability)'],0
169,National Petroleum Authority (NPA),Messrs. Argus Media Limited (Argus Media),0.6,13.2,🟢 MONITOR,"['Entity variation abuse rate: 33.3%', '33% variation rate — elevated above normal threshold', '33% sole source rate — above acceptable threshold (S.40-41 Act 663)', '1 sole source contract(s) confirmed fraudulent', '1 of 12 contracts confirmed fraudulent (8% fraud rate)', '83% repeat supplier rate — limited supplier diversity (S.3 Act 663)']","['supplier_risk_score decreases fraud risk (impact: 4.161)', 'entity_frequency decreases fraud risk (impact: 0.935)', 'supplier_frequency decreases fraud risk (impact: 0.892)']",['No specific violations flagged'],0
170,Ghana Airport Company Ltd. (GACL),Unknown,1.8,14.2,🟢 MONITOR,"['Supplier holds 100.0% of entity awards — concentration risk', 'Supplier linked to 7 confirmed fraud case(s)', 'Supplier appears in 12 Auditor-General finding(s)', '100% repeat supplier rate — limited supplier diversity (S.3 Act 663)']","['award_concentration decreases fraud risk (impact: 2.323)', 'supplier_risk_score decreases fraud risk (impact: 1.718)', 'method_abuse_score decreases fraud risk (impact: 0.435)']",['S.3 Act 663 (Transparency and Accountability)'],0
171,National Petroleum Authority (NPA),Unknown,15.0,31.0,🟢 MONITOR,"['Supplier holds 41.7% of entity awards — concentration risk', 'Entity variation abuse rate: 33.3%', 'Supplier linked to 7 confirmed fraud case(s)', 'Supplier appears in 12 Auditor-General finding(s)', '33% variation rate — elevated above normal threshold', '33% sole source rate — above acceptable threshold (S.40-41 Act 663)', '1 sole source contract(s) confirmed fraudulent', '1 of 12 contracts confirmed fraudulent (8% fraud rate)', '83% repeat supplier rate — limited supplier diversity (S.3 Act 663)']","['entity_frequency decreases fraud risk (impact: 1.601)', 'supplier_risk_score decreases fraud risk (impact: 1.568)', 'award_concentration increases fraud risk (impact: 0.582)']",['S.3 Act 663 (Transparency and Accountability)'],0
172,National Petroleum Authority (NPA),Unknown,3.5,30.9,🟢 MONITOR,"['Sole source procurement used (S.38-41 Act 663)', 'Supplier holds 41.7% of entity awards — concentration risk', 'Entity variation abuse rate: 33.3%', 'Supplier linked to 7 confirmed fraud case(s)', 'Supplier appears in 12 Auditor-General finding(s)', '33% variation rate — elevated above normal threshold', '33% sole source rate — above acceptable threshold (S.40-41 Act 663)', '1 sole source contract(s) confirmed fraudulent', '1 of 12 contracts confirmed fraudulent (8% fraud rate)', '83% repeat supplier rate — limited supplier diversity (S.3 Act 663)']","['supplier_risk_score decreases fraud risk (impact: 1.924)', 'entity_frequency decreases fraud risk (impact: 1.601)', 'is_sole_source decreases fraud risk (impact: 0.901)']","['S.38-41 Act 663 (Sole Source Procurement)', 'S.3 Act 663 (Transparency and Accountability)']",0
173,Ghana Cocoa Board (COCOBOD),Messrs. TL Africa,99.4,58.3,🔴 ESCALATE,"['Supplier holds 33.3% of entity awards — concentration risk', 'Supplier linked to 1 confirmed fraud case(s)', 'Supplier appears in 1 Auditor-General finding(s)', '1 of 3 contracts confirmed fraudulent (33% fraud rate)', '33% of contracts flagged by Auditor-General — systemic oversight failure (S.2 Act 663)', 'Audit intensity score: 1.00 — entity under sustained scrutiny']","['supplier_risk_score increases fraud risk (impact: 5.360)', 'award_concentration increases fraud risk (impact: 1.012)', 'method_abuse_score decreases fraud risk (impact: 0.468)']","['S.92-93 Act 663 (Procurement Offences)', 'S.3 Act 663 (Transparency and Accountability)']",1
174,Ministry of Energy,Messrs. Ronor Motors Ghana Limited,0.4,3.2,🟢 MONITOR,['Supplier holds 100.0% of entity awards — concentration risk'],"['supplier_risk_score decreases fraud risk (impact: 3.971)', 'award_concentration decreases fraud risk (impact: 1.229)', 'entity_frequency increases fraud risk (impact: 0.763)']",['S.3 Act 663 (Transparency and Accountability)'],0
175,Ghana Airport Company Ltd. (GACL),Unknown,1.8,14.2,🟢 MONITOR,"['Supplier holds 100.0% of entity awards — concentration risk', 'Supplier linked to 7 confirmed fraud case(s)', 'Supplier appears in 12 Auditor-General finding(s)', '100% repeat supplier rate — limited supplier diversity (S.3 Act 663)']","['award_concentration decreases fraud risk (impact: 2.323)', 'supplier_risk_score decreases fraud risk (impact: 1.718)', 'method_abuse_score decreases fraud risk (impact: 0.435)']",['S.3 Act 663 (Transparency and Accountability)'],0
176,Bulk Oil Storage and Transportation Company Limited (BOST),Messrs. Architectural & Engineering Services Limited,1.0,15.4,🟢 MONITOR,"['Supplier appears in 1 Auditor-General finding(s)', '1 variation(s) independently flagged by Auditor-General', '1 sole source contract(s) flagged by Auditor-General', '3 of 15 contracts confirmed fraudulent (20% fraud rate)', '33% of contracts flagged by Auditor-General — systemic oversight failure (S.2 Act 663)']","['supplier_risk_score decreases fraud risk (impact: 4.166)', 'entity_frequency decreases fraud risk (impact: 0.880)', 'supplier_frequency decreases fraud risk (impact: 0.848)']",['S.92-93 Act 663 (Procurement Offences)'],0
177,Bulk Oil Storage and Transportation Company Limited (BOST),Messrs. M&B Engineering Limited,1.0,21.4,🟢 MONITOR,"['Variation issued on audit-flagged contract (S.59 Act 663)', 'Supplier appears in 1 Auditor-General finding(s)', '100% of contracts have variations — inflation risk', '1 variation(s) independently flagged by Auditor-General', '1 sole source contract(s) flagged by Auditor-General', '3 of 15 contracts confirmed fraudulent (20% fraud rate)', '33% of contracts flagged by Auditor-General — systemic oversight failure (S.2 Act 663)']","['supplier_risk_score decreases fraud risk (impact: 4.166)', 'entity_frequency decreases fraud risk (impact: 0.880)', 'supplier_frequency decreases fraud risk (impact: 0.848)']","['S.92-93 Act 663 (Procurement Offences)', 'S.87 Act 663 (Contract Variations)']",0
178,Northern Development Authority (NDA),Messrs. Associated Beaver Consult,0.4,3.2,🟢 MONITOR,['Supplier holds 100.0% of entity awards — concentration risk'],"['supplier_risk_score decreases fraud risk (impact: 3.971)', 'award_concentration decreases fraud risk (impact: 1.229)', 'entity_frequency increases fraud risk (impact: 0.763)']",['S.3 Act 663 (Transparency and Accountability)'],0
179,Ministry of Foreign Affairs and Regional Integration (MFARI),Messrs. EMH Global Limited (EGL),0.4,3.2,🟢 MONITOR,['Supplier holds 100.0% of entity awards — concentration risk'],"['supplier_risk_score decreases fraud risk (impact: 3.971)', 'award_concentration decreases fraud risk (impact: 1.229)', 'entity_frequency increases fraud risk (impact: 0.763)']",['S.3 Act 663 (Transparency and Accountability)'],0
180,Northern Electricity Distribution Company (NEDCo),Messrs. Carlo King Enterprise Limited,0.4,3.2,🟢 MONITOR,['Supplier holds 100.0% of entity awards — concentration risk'],"['supplier_risk_score decreases fraud risk (impact: 3.971)', 'award_concentration decreases fraud risk (impact: 1.229)', 'entity_frequency increases fraud risk (impact: 0.763)']",['S.3 Act 663 (Transparency and Accountability)'],0
181,Bulk Oil Storage Transportation Company Ltd. (BOST),Unknown,0.7,26.0,🟢 MONITOR,"['Sole source procurement used (S.38-41 Act 663)', 'Supplier holds 100.0% of entity awards — concentration risk', 'Procurement method abuse pattern detected (S.40-41 Act 663)', 'Supplier linked to 7 confirmed fraud case(s)', 'Supplier appears in 12 Auditor-General finding(s)', '100% of contracts are sole source — systematic bypass of competition (S.40-41 Act 663)', 'Entity method abuse score: 1.00 — pattern of procurement rule circumvention', '100% repeat supplier rate — limited supplier diversity (S.3 Act 663)']","['award_concentration decreases fraud risk (impact: 2.625)', 'supplier_risk_score decreases fraud risk (impact: 1.894)', 'is_sole_source decreases fraud risk (impact: 1.155)']","['S.38-41 Act 663 (Sole Source Procurement)', 'S.40-41 Act 663 (Procurement Method Abuse)', 'S.3 Act 663 (Transparency and Accountability)']",0
182,Bulk Oil Storage Transportation Company Ltd. (BOST),Unknown,0.7,26.0,🟢 MONITOR,"['Sole source procurement used (S.38-41 Act 663)', 'Supplier holds 100.0% of entity awards — concentration risk', 'Procurement method abuse pattern detected (S.40-41 Act 663)', 'Supplier linked to 7 confirmed fraud case(s)', 'Supplier appears in 12 Auditor-General finding(s)', '100% of contracts are sole source — systematic bypass of competition (S.40-41 Act 663)', 'Entity method abuse score: 1.00 — pattern of procurement rule circumvention', '100% repeat supplier rate — limited supplier diversity (S.3 Act 663)']","['award_concentration decreases fraud risk (impact: 2.625)', 'supplier_risk_score decreases fraud risk (impact: 1.894)', 'is_sole_source decreases fraud risk (impact: 1.155)']","['S.38-41 Act 663 (Sole Source Procurement)', 'S.40-41 Act 663 (Procurement Method Abuse)', 'S.3 Act 663 (Transparency and Accountability)']",0
183,National Cardiothoracic Centre (NCTC),Unknown,0.7,26.0,🟢 MONITOR,"['Sole source procurement used (S.38-41 Act 663)', 'Supplier holds 100.0% of entity awards — concentration risk', 'Procurement method abuse pattern detected (S.40-41 Act 663)', 'Supplier linked to 7 confirmed fraud case(s)', 'Supplier appears in 12 Auditor-General finding(s)', '100% of contracts are sole source — systematic bypass of competition (S.40-41 Act 663)', 'Entity method abuse score: 1.00 — pattern of procurement rule circumvention', '100% repeat supplier rate — limited supplier diversity (S.3 Act 663)']","['award_concentration decreases fraud risk (impact: 2.625)', 'supplier_risk_score decreases fraud risk (impact: 1.894)', 'is_sole_source decreases fraud risk (impact: 1.155)']","['S.38-41 Act 663 (Sole Source Procurement)', 'S.40-41 Act 663 (Procurement Method Abuse)', 'S.3 Act 663 (Transparency and Accountability)']",0
184,National Cardiothoracic Centre (NCTC),Unknown,0.7,26.0,🟢 MONITOR,"['Sole source procurement used (S.38-41 Act 663)', 'Supplier holds 100.0% of entity awards — concentration risk', 'Procurement method abuse pattern detected (S.40-41 Act 663)', 'Supplier linked to 7 confirmed fraud case(s)', 'Supplier appears in 12 Auditor-General finding(s)', '100% of contracts are sole source — systematic bypass of competition (S.40-41 Act 663)', 'Entity method abuse score: 1.00 — pattern of procurement rule circumvention', '100% repeat supplier rate — limited supplier diversity (S.3 Act 663)']","['award_concentration decreases fraud risk (impact: 2.625)', 'supplier_risk_score decreases fraud risk (impact: 1.894)', 'is_sole_source decreases fraud risk (impact: 1.155)']","['S.38-41 Act 663 (Sole Source Procurement)', 'S.40-41 Act 663 (Procurement Method Abuse)', 'S.3 Act 663 (Transparency and Accountability)']",0
185,Social Security and National Insurance Trust (SSNIT),KAF Electricals,0.2,0.1,🟢 MONITOR,['No specific flags raised'],"['supplier_risk_score decreases fraud risk (impact: 4.069)', 'entity_frequency decreases fraud risk (impact: 1.084)', 'supplier_frequency decreases fraud risk (impact: 0.848)']",['No specific violations flagged'],0
186,Ministry of Health (MoH),Unknown,0.7,21.8,🟢 MONITOR,"['Sole source procurement used (S.38-41 Act 663)', 'Supplier holds 100.0% of entity awards — concentration risk', 'Supplier linked to 7 confirmed fraud case(s)', 'Supplier appears in 12 Auditor-General finding(s)', '50% sole source rate — above acceptable threshold (S.40-41 Act 663)', 'Entity method abuse score: 0.50 — pattern of procurement rule circumvention', '100% repeat supplier rate — limited supplier diversity (S.3 Act 663)']","['award_concentration decreases fraud risk (impact: 2.625)', 'supplier_risk_score decreases fraud risk (impact: 1.952)', 'is_sole_source decreases fraud risk (impact: 0.939)']","['S.38-41 Act 663 (Sole Source Procurement)', 'S.40-41 Act 663 (Procurement Method Abuse)', 'S.3 Act 663 (Transparency and Accountability)']",0
187,Social Security and National Insurance Trust (SSNIT),Messrs. Margins ID Systems,0.2,0.1,🟢 MONITOR,['No specific flags raised'],"['supplier_risk_score decreases fraud risk (impact: 4.069)', 'entity_frequency decreases fraud risk (impact: 1.084)', 'supplier_frequency decreases fraud risk (impact: 0.848)']",['No specific violations flagged'],0
188,Bank of Ghana (BoG),Unknown,6.5,16.1,🟢 MONITOR,"['Supplier holds 75.0% of entity awards — concentration risk', 'Supplier linked to 7 confirmed fraud case(s)', 'Supplier appears in 12 Auditor-General finding(s)', '25% variation rate — elevated above normal threshold']","['entity_frequency decreases fraud risk (impact: 1.760)', 'supplier_risk_score decreases fraud risk (impact: 1.640)', 'variation_abuse_rate increases fraud risk (impact: 0.257)']",['S.3 Act 663 (Transparency and Accountability)'],0
189,Ghana Water Company Limited (GWCL),Interglobal Partners Limited (Interglobal Partners),0.2,3.1,🟢 MONITOR,['Supplier holds 50.0% of entity awards — concentration risk'],"['supplier_risk_score decreases fraud risk (impact: 4.290)', 'supplier_frequency decreases fraud risk (impact: 0.906)', 'award_concentration decreases fraud risk (impact: 0.597)']",['S.3 Act 663 (Transparency and Accountability)'],0
190,Korle Bu Teaching Hospital (KBTH),Unknown,0.6,21.7,🟢 MONITOR,"['Sole source procurement used (S.38-41 Act 663)', 'Supplier holds 57.1% of entity awards — concentration risk', 'Supplier linked to 7 confirmed fraud case(s)', 'Supplier appears in 12 Auditor-General finding(s)', '42% sole source rate — above acceptable threshold (S.40-41 Act 663)', 'Entity method abuse score: 0.43 — pattern of procurement rule circumvention', '85% repeat supplier rate — limited supplier diversity (S.3 Act 663)']","['entity_frequency decreases fraud risk (impact: 2.064)', 'supplier_risk_score decreases fraud risk (impact: 1.960)', 'is_sole_source decreases fraud risk (impact: 0.939)']","['S.38-41 Act 663 (Sole Source Procurement)', 'S.40-41 Act 663 (Procurement Method Abuse)', 'S.3 Act 663 (Transparency and Accountability)']",0
191,Ghana Education Services (GES),Messrs. Primetime Limited,0.4,3.2,🟢 MONITOR,['Supplier holds 100.0% of entity awards — concentration risk'],"['supplier_risk_score decreases fraud risk (impact: 3.971)', 'award_concentration decreases fraud risk (impact: 1.229)', 'entity_frequency increases fraud risk (impact: 0.763)']",['S.3 Act 663 (Transparency and Accountability)'],0
192,Ghana Water Company Limited (GWCL),Messrs. Blessfield Company Limited (BCL),0.2,3.1,🟢 MONITOR,['Supplier holds 50.0% of entity awards — concentration risk'],"['supplier_risk_score decreases fraud risk (impact: 4.290)', 'supplier_frequency decreases fraud risk (impact: 0.906)', 'award_concentration decreases fraud risk (impact: 0.597)']",['S.3 Act 663 (Transparency and Accountability)'],0
193,Ghana National Petroleum Corporation (GNPC),Unknown,52.0,32.8,🟢 MONITOR,"['Supplier holds 33.3% of entity awards — concentration risk', 'Supplier linked to 7 confirmed fraud case(s)', 'Supplier appears in 12 Auditor-General finding(s)']","['award_concentration increases fraud risk (impact: 1.816)', 'supplier_risk_score decreases fraud risk (impact: 1.165)', 'method_abuse_score decreases fraud risk (impact: 0.647)']",['S.3 Act 663 (Transparency and Accountability)'],0
194,Ghana National Gas Company (Ghana Gas),Unknown,3.2,16.8,🟢 MONITOR,"['Supplier holds 44.4% of entity awards — concentration risk', 'Supplier linked to 7 confirmed fraud case(s)', 'Supplier appears in 12 Auditor-General finding(s)', '1 of 6 contracts confirmed fraudulent (16% fraud rate)']","['supplier_risk_score decreases fraud risk (impact: 1.677)', 'entity_frequency decreases fraud risk (impact: 1.492)', 'method_abuse_score decreases fraud risk (impact: 0.514)']",['S.3 Act 663 (Transparency and Accountability)'],0
195,Bulk Oil Storage and Transportation Company Limited (BOST),Unknown,7.1,28.3,🟢 MONITOR,"['Sole source procurement used (S.38-41 Act 663)', 'Supplier linked to 7 confirmed fraud case(s)', 'Supplier appears in 12 Auditor-General finding(s)', '1 variation(s) independently flagged by Auditor-General', '1 sole source contract(s) flagged by Auditor-General', '3 of 15 contracts confirmed fraudulent (20% fraud rate)', '33% of contracts flagged by Auditor-General — systemic oversight failure (S.2 Act 663)']","['supplier_risk_score decreases fraud risk (impact: 1.912)', 'entity_frequency decreases fraud risk (impact: 1.393)', 'is_sole_source decreases fraud risk (impact: 0.901)']","['S.38-41 Act 663 (Sole Source Procurement)', 'S.92-93 Act 663 (Procurement Offences)']",0
196,Bulk Oil Storage and Transportation Company Limited (BOST),Messrs. Apex Health Insurance,1.0,15.4,🟢 MONITOR,"['Supplier appears in 1 Auditor-General finding(s)', '1 variation(s) independently flagged by Auditor-General', '1 sole source contract(s) flagged by Auditor-General', '3 of 15 contracts confirmed fraudulent (20% fraud rate)', '33% of contracts flagged by Auditor-General — systemic oversight failure (S.2 Act 663)']","['supplier_risk_score decreases fraud risk (impact: 4.166)', 'entity_frequency decreases fraud risk (impact: 0.880)', 'supplier_frequency decreases fraud risk (impact: 0.848)']",['S.92-93 Act 663 (Procurement Offences)'],0
197,Ministry of Finance (MoF),Mr. Ben Gustave Barth,0.9,15.9,🟢 MONITOR,"['Supplier appears in 1 Auditor-General finding(s)', '1 variation(s) independently flagged by Auditor-General', '1 sole source contract(s) flagged by Auditor-General', '2 of 13 contracts confirmed fraudulent (15% fraud rate)', '84% of contracts flagged by Auditor-General — systemic oversight failure (S.2 Act 663)', 'Audit intensity score: 15.23 — entity under sustained scrutiny']","['supplier_risk_score decreases fraud risk (impact: 4.077)', 'entity_frequency decreases fraud risk (impact: 1.059)', 'award_concentration increases fraud risk (impact: 0.503)']",['S.92-93 Act 663 (Procurement Offences)'],0
198,Controller and Accountant General’s Department (CAGD),Netsolutions Ghana Limited,1.3,27.5,🟢 MONITOR,"['Sole source procurement used (S.38-41 Act 663)', 'Supplier holds 100.0% of entity awards — concentration risk', 'Procurement method abuse pattern detected (S.40-41 Act 663)', 'Entity variation abuse rate: 100.0%', '100% of awards were sole source — bypasses competition (S.38-41)', '100% of contracts have variations — inflation risk', '100% of contracts are variations — systematic inflation pattern (S.87 Act 663)', '100% of contracts are sole source — systematic bypass of competition (S.40-41 Act 663)', 'Entity method abuse score: 1.00 — pattern of procurement rule circumvention', '100% repeat supplier rate — limited supplier diversity (S.3 Act 663)']","['supplier_risk_score decreases fraud risk (impact: 3.651)', 'award_concentration decreases fraud risk (impact: 1.875)', 'entity_frequency increases fraud risk (impact: 0.689)']","['S.38-41 Act 663 (Sole Source Procurement)', 'S.40-41 Act 663 (Procurement Method Abuse)', 'S.87 Act 663 (Contract Variations)', 'S.3 Act 663 (Transparency and Accountability)']",0
199,Ghana Cocoa Board (Cocoa Board),Messrs. Life Care Technology Ghana Limited,0.4,3.2,🟢 MONITOR,['Supplier holds 100.0% of entity awards — concentration risk'],"['supplier_risk_score decreases fraud risk (impact: 3.971)', 'award_concentration decreases fraud risk (impact: 1.229)', 'entity_frequency increases fraud risk (impact: 0.763)']",['S.3 Act 663 (Transparency and Accountability)'],0
200,Ministry of Youth and Sports (MOYS),Unknown,2.5,31.8,🟢 MONITOR,"['Sole source procurement used (S.38-41 Act 663)', 'Supplier holds 100.0% of entity awards — concentration risk', 'Procurement method abuse pattern detected (S.40-41 Act 663)', 'Entity variation abuse rate: 100.0%', 'Supplier linked to 7 confirmed fraud case(s)', 'Supplier appears in 12 Auditor-General finding(s)', '100% of contracts are variations — systematic inflation pattern (S.87 Act 663)', '100% of contracts are sole source — systematic bypass of competition (S.40-41 Act 663)', 'Entity method abuse score: 1.00 — pattern of procurement rule circumvention', '100% repeat supplier rate — limited supplier diversity (S.3 Act 663)']","['award_concentration decreases fraud risk (impact: 2.543)', 'supplier_risk_score decreases fraud risk (impact: 1.833)', 'is_sole_source decreases fraud risk (impact: 1.155)']","['S.38-41 Act 663 (Sole Source Procurement)', 'S.40-41 Act 663 (Procurement Method Abuse)', 'S.87 Act 663 (Contract Variations)', 'S.3 Act 663 (Transparency and Accountability)']",0
201,Bulk Oil Storage and Transportation company Limited (BOST),Unknown,1.3,26.3,🟢 MONITOR,"['Sole source procurement used (S.38-41 Act 663)', 'Supplier holds 100.0% of entity awards — concentration risk', 'Procurement method abuse pattern detected (S.40-41 Act 663)', 'Supplier linked to 7 confirmed fraud case(s)', 'Supplier appears in 12 Auditor-General finding(s)', '100% of contracts are sole source — systematic bypass of competition (S.40-41 Act 663)', 'Entity method abuse score: 1.00 — pattern of procurement rule circumvention', '100% repeat supplier rate — limited supplier diversity (S.3 Act 663)']","['award_concentration decreases fraud risk (impact: 2.585)', 'supplier_risk_score decreases fraud risk (impact: 1.872)', 'is_sole_source decreases fraud risk (impact: 1.155)']","['S.38-41 Act 663 (Sole Source Procurement)', 'S.40-41 Act 663 (Procurement Method Abuse)', 'S.3 Act 663 (Transparency and Accountability)']",0
202,Securities and Exchange Commission (SEC),Unknown,4.9,20.5,🟢 MONITOR,"['Supplier holds 100.0% of entity awards — concentration risk', 'Entity variation abuse rate: 100.0%', 'Supplier linked to 7 confirmed fraud case(s)', 'Supplier appears in 12 Auditor-General finding(s)', '100% of contracts are variations — systematic inflation pattern (S.87 Act 663)', '100% repeat supplier rate — limited supplier diversity (S.3 Act 663)']","['award_concentration decreases fraud risk (impact: 2.145)', 'supplier_risk_score decreases fraud risk (impact: 1.674)', 'entity_frequency increases fraud risk (impact: 0.981)']","['S.87 Act 663 (Contract Variations)', 'S.3 Act 663 (Transparency and Accountability)']",0
203,Minerals Commission,Vanguard Assurance Company Limited,0.9,4.9,🟢 MONITOR,"['Supplier holds 100.0% of entity awards — concentration risk', '100% repeat supplier rate — limited supplier diversity (S.3 Act 663)']","['supplier_risk_score decreases fraud risk (impact: 3.892)', 'award_concentration decreases fraud risk (impact: 1.572)', 'entity_frequency increases fraud risk (impact: 0.906)']",['S.3 Act 663 (Transparency and Accountability)'],0
204,Ghana National Gas Company (GNPC),Messrs. Charterhouse Production Limited,99.6,51.3,🔴 ESCALATE,"['Supplier linked to 1 confirmed fraud case(s)', '1 of 1 contracts confirmed fraudulent (100% fraud rate)', 'Average supplier risk score: 1.00 — entity consistently awards to high-risk suppliers']","['supplier_risk_score increases fraud risk (impact: 5.035)', 'entity_frequency increases fraud risk (impact: 0.744)', 'supplier_frequency decreases fraud risk (impact: 0.522)']",['No specific violations flagged'],1
205,Ghana College of Physicians and Surgeons,Unknown,4.8,15.4,🟢 MONITOR,"['Supplier holds 100.0% of entity awards — concentration risk', 'Supplier linked to 7 confirmed fraud case(s)', 'Supplier appears in 12 Auditor-General finding(s)', '100% repeat supplier rate — limited supplier diversity (S.3 Act 663)']","['award_concentration decreases fraud risk (impact: 2.253)', 'supplier_risk_score decreases fraud risk (impact: 1.696)', 'entity_frequency increases fraud risk (impact: 1.105)']",['S.3 Act 663 (Transparency and Accountability)'],0
206,Scholarship Secretariat,KLM Cargo,0.4,4.7,🟢 MONITOR,"['Supplier holds 66.7% of entity awards — concentration risk', '100% repeat supplier rate — limited supplier diversity (S.3 Act 663)']","['supplier_risk_score decreases fraud risk (impact: 3.897)', 'entity_frequency decreases fraud risk (impact: 0.833)', 'method_abuse_score decreases fraud risk (impact: 0.486)']",['S.3 Act 663 (Transparency and Accountability)'],0
207,Youth Employment Agency (YEA),Unknown,2.5,31.8,🟢 MONITOR,"['Sole source procurement used (S.38-41 Act 663)', 'Supplier holds 100.0% of entity awards — concentration risk', 'Procurement method abuse pattern detected (S.40-41 Act 663)', 'Entity variation abuse rate: 100.0%', 'Supplier linked to 7 confirmed fraud case(s)', 'Supplier appears in 12 Auditor-General finding(s)', '100% of contracts are variations — systematic inflation pattern (S.87 Act 663)', '100% of contracts are sole source — systematic bypass of competition (S.40-41 Act 663)', 'Entity method abuse score: 1.00 — pattern of procurement rule circumvention', '100% repeat supplier rate — limited supplier diversity (S.3 Act 663)']","['award_concentration decreases fraud risk (impact: 2.543)', 'supplier_risk_score decreases fraud risk (impact: 1.833)', 'is_sole_source decreases fraud risk (impact: 1.155)']","['S.38-41 Act 663 (Sole Source Procurement)', 'S.40-41 Act 663 (Procurement Method Abuse)', 'S.87 Act 663 (Contract Variations)', 'S.3 Act 663 (Transparency and Accountability)']",0
208,Kwadaso Agricultural College,Unknown,1.3,26.3,🟢 MONITOR,"['Sole source procurement used (S.38-41 Act 663)', 'Supplier holds 100.0% of entity awards — concentration risk', 'Procurement method abuse pattern detected (S.40-41 Act 663)', 'Supplier linked to 7 confirmed fraud case(s)', 'Supplier appears in 12 Auditor-General finding(s)', '100% of contracts are sole source — systematic bypass of competition (S.40-41 Act 663)', 'Entity method abuse score: 1.00 — pattern of procurement rule circumvention', '100% repeat supplier rate — limited supplier diversity (S.3 Act 663)']","['award_concentration decreases fraud risk (impact: 2.585)', 'supplier_risk_score decreases fraud risk (impact: 1.872)', 'is_sole_source decreases fraud risk (impact: 1.155)']","['S.38-41 Act 663 (Sole Source Procurement)', 'S.40-41 Act 663 (Procurement Method Abuse)', 'S.3 Act 663 (Transparency and Accountability)']",0
209,Ghana National Gas Company (Ghana Gas),Unknown,3.2,16.8,🟢 MONITOR,"['Supplier holds 44.4% of entity awards — concentration risk', 'Supplier linked to 7 confirmed fraud case(s)', 'Supplier appears in 12 Auditor-General finding(s)', '1 of 6 contracts confirmed fraudulent (16% fraud rate)']","['supplier_risk_score decreases fraud risk (impact: 1.677)', 'entity_frequency decreases fraud risk (impact: 1.492)', 'method_abuse_score decreases fraud risk (impact: 0.514)']",['S.3 Act 663 (Transparency and Accountability)'],0
210,Ministry of Education (MoE),Messrs. Black Gold Group Limited,0.2,3.1,🟢 MONITOR,['Supplier holds 50.0% of entity awards — concentration risk'],"['supplier_risk_score decreases fraud risk (impact: 4.290)', 'supplier_frequency decreases fraud risk (impact: 0.906)', 'award_concentration decreases fraud risk (impact: 0.597)']",['S.3 Act 663 (Transparency and Accountability)'],0
211,"Ministry of Local Government, Decentralization and Rural Development (MLGDRD),",Messrs. Zoomlion Ghana Limited,0.4,4.7,🟢 MONITOR,"['Supplier holds 100.0% of entity awards — concentration risk', '100% repeat supplier rate — limited supplier diversity (S.3 Act 663)']","['supplier_risk_score decreases fraud risk (impact: 3.971)', 'award_concentration decreases fraud risk (impact: 1.229)', 'entity_frequency increases fraud risk (impact: 0.763)']",['S.3 Act 663 (Transparency and Accountability)'],0
212,Bank of Ghana (BoG),Unknown,0.5,18.2,🟢 MONITOR,"['Sole source procurement used (S.38-41 Act 663)', 'Supplier holds 75.0% of entity awards — concentration risk', 'Supplier linked to 7 confirmed fraud case(s)', 'Supplier appears in 12 Auditor-General finding(s)', '25% variation rate — elevated above normal threshold']","['supplier_risk_score decreases fraud risk (impact: 2.065)', 'entity_frequency decreases fraud risk (impact: 1.705)', 'supplier_frequency decreases fraud risk (impact: 0.949)']","['S.38-41 Act 663 (Sole Source Procurement)', 'S.87 Act 663 (Contract Variations)', 'S.3 Act 663 (Transparency and Accountability)']",0
213,National Petroleum Authority (NPA),Messrs. Docutech Ghana Limited,0.6,13.2,🟢 MONITOR,"['Entity variation abuse rate: 33.3%', '33% variation rate — elevated above normal threshold', '33% sole source rate — above acceptable threshold (S.40-41 Act 663)', '1 sole source contract(s) confirmed fraudulent', '1 of 12 contracts confirmed fraudulent (8% fraud rate)', '83% repeat supplier rate — limited supplier diversity (S.3 Act 663)']","['supplier_risk_score decreases fraud risk (impact: 4.161)', 'entity_frequency decreases fraud risk (impact: 0.935)', 'supplier_frequency decreases fraud risk (impact: 0.892)']",['No specific violations flagged'],0
214,National Centre for Radiotherapy and,Messrs. Best Theratronics Limited (BTL),0.4,3.2,🟢 MONITOR,['Supplier holds 100.0% of entity awards — concentration risk'],"['supplier_risk_score decreases fraud risk (impact: 3.971)', 'award_concentration decreases fraud risk (impact: 1.229)', 'entity_frequency increases fraud risk (impact: 0.763)']",['S.3 Act 663 (Transparency and Accountability)'],0
215,Nuclear Medicine (NCRNM) of Korle Bu Teaching Hospital (KBTH),Unknown,4.8,15.4,🟢 MONITOR,"['Supplier holds 100.0% of entity awards — concentration risk', 'Supplier linked to 7 confirmed fraud case(s)', 'Supplier appears in 12 Auditor-General finding(s)', '100% repeat supplier rate — limited supplier diversity (S.3 Act 663)']","['award_concentration decreases fraud risk (impact: 2.253)', 'supplier_risk_score decreases fraud risk (impact: 1.696)', 'entity_frequency increases fraud risk (impact: 1.105)']",['S.3 Act 663 (Transparency and Accountability)'],0
216,National Centre for Radiotherapy and Nuclear Medicine (NCRNM) of Korle Bu Teaching Hospital (KBTH),"Eckert and Ziggler, Bebig GmbH (EZBG)",0.4,3.2,🟢 MONITOR,['Supplier holds 100.0% of entity awards — concentration risk'],"['supplier_risk_score decreases fraud risk (impact: 3.971)', 'award_concentration decreases fraud risk (impact: 1.229)', 'entity_frequency increases fraud risk (impact: 0.763)']",['S.3 Act 663 (Transparency and Accountability)'],0
217,Coastal Development Authority (CODA),Messrs. TFS Ventures,0.4,3.2,🟢 MONITOR,['Supplier holds 100.0% of entity awards — concentration risk'],"['supplier_risk_score decreases fraud risk (impact: 3.971)', 'award_concentration decreases fraud risk (impact: 1.229)', 'entity_frequency increases fraud risk (impact: 0.763)']",['S.3 Act 663 (Transparency and Accountability)'],0
218,National Biosafety Authority (NBA),Messrs. FRENGLISH Wave Consult,0.3,18.4,🟢 MONITOR,"['Sole source procurement used (S.38-41 Act 663)', 'Supplier holds 100.0% of entity awards — concentration risk', 'Procurement method abuse pattern detected (S.40-41 Act 663)', '100% of awards were sole source — bypasses competition (S.38-41)', '100% of contracts are sole source — systematic bypass of competition (S.40-41 Act 663)', 'Entity method abuse score: 1.00 — pattern of procurement rule circumvention']","['supplier_risk_score decreases fraud risk (impact: 3.769)', 'award_concentration decreases fraud risk (impact: 1.573)', 'supplier_frequency decreases fraud risk (impact: 0.746)']","['S.38-41 Act 663 (Sole Source Procurement)', 'S.40-41 Act 663 (Procurement Method Abuse)', 'S.3 Act 663 (Transparency and Accountability)']",0
219,Ministry of Finance (MoF),Unknown,1.0,29.4,🟢 MONITOR,"['Sole source procurement used (S.38-41 Act 663)', 'Supplier holds 46.2% of entity awards — concentration risk', 'Supplier linked to 7 confirmed fraud case(s)', 'Supplier appears in 12 Auditor-General finding(s)', '1 variation(s) independently flagged by Auditor-General', '1 sole source contract(s) flagged by Auditor-General', '2 of 13 contracts confirmed fraudulent (15% fraud rate)', '84% of contracts flagged by Auditor-General — systemic oversight failure (S.2 Act 663)', 'Audit intensity score: 15.23 — entity under sustained scrutiny']","['supplier_risk_score decreases fraud risk (impact: 2.019)', 'entity_frequency decreases fraud risk (impact: 1.570)', 'is_sole_source decreases fraud risk (impact: 0.785)']","['S.38-41 Act 663 (Sole Source Procurement)', 'S.3 Act 663 (Transparency and Accountability)']",0
220,Ghana Investment Fund for Electronic Communications (GIFEC),Messrs Ascend Digital Solutions Limited,1.8,7.2,🟢 MONITOR,"['Supplier holds 33.3% of entity awards — concentration risk', '33% sole source rate — above acceptable threshold (S.40-41 Act 663)', '100% repeat supplier rate — limited supplier diversity (S.3 Act 663)']","['supplier_risk_score decreases fraud risk (impact: 4.392)', 'award_concentration increases fraud risk (impact: 1.161)', 'supplier_frequency decreases fraud risk (impact: 0.925)']",['S.3 Act 663 (Transparency and Accountability)'],0
221,Ghana Investment Fund for Electronic Communications (GIFEC),Unknown,1.3,20.5,🟢 MONITOR,"['Sole source procurement used (S.38-41 Act 663)', 'Supplier holds 66.7% of entity awards — concentration risk', 'Supplier linked to 7 confirmed fraud case(s)', 'Supplier appears in 12 Auditor-General finding(s)', '33% sole source rate — above acceptable threshold (S.40-41 Act 663)', '100% repeat supplier rate — limited supplier diversity (S.3 Act 663)']","['supplier_risk_score decreases fraud risk (impact: 1.869)', 'is_sole_source decreases fraud risk (impact: 0.818)', 'supplier_frequency decreases fraud risk (impact: 0.813)']","['S.38-41 Act 663 (Sole Source Procurement)', 'S.3 Act 663 (Transparency and Accountability)']",0
222,University of Ghana (UG),Unknown,0.3,19.6,🟢 MONITOR,"['Sole source procurement used (S.38-41 Act 663)', 'Supplier holds 55.6% of entity awards — concentration risk', 'Supplier linked to 7 confirmed fraud case(s)', 'Supplier appears in 12 Auditor-General finding(s)', '66% of contracts flagged by Auditor-General — systemic oversight failure (S.2 Act 663)', 'Audit intensity score: 2.22 — entity under sustained scrutiny']","['entity_frequency decreases fraud risk (impact: 2.107)', 'supplier_risk_score decreases fraud risk (impact: 2.036)', 'is_sole_source decreases fraud risk (impact: 0.785)']","['S.38-41 Act 663 (Sole Source Procurement)', 'S.3 Act 663 (Transparency and Accountability)']",0
223,Ghana National Gas Company (Ghana Gas),Unknown,1.2,20.5,🟢 MONITOR,"['Sole source procurement used (S.38-41 Act 663)', 'Supplier holds 44.4% of entity awards — concentration risk', 'Supplier linked to 7 confirmed fraud case(s)', 'Supplier appears in 12 Auditor-General finding(s)', '1 of 6 contracts confirmed fraudulent (16% fraud rate)']","['supplier_risk_score decreases fraud risk (impact: 1.967)', 'entity_frequency decreases fraud risk (impact: 1.492)', 'is_sole_source decreases fraud risk (impact: 0.703)']","['S.38-41 Act 663 (Sole Source Procurement)', 'S.87 Act 663 (Contract Variations)', 'S.3 Act 663 (Transparency and Accountability)']",0
224,Ghana National Gas Company (Ghana Gas),Messrs. Agenda Commercial Limited,0.3,3.6,🟢 MONITOR,['1 of 6 contracts confirmed fraudulent (16% fraud rate)'],"['supplier_risk_score decreases fraud risk (impact: 4.060)', 'supplier_frequency decreases fraud risk (impact: 0.985)', 'entity_frequency decreases fraud risk (impact: 0.895)']",['No specific violations flagged'],0
225,Accra Technical University (ATU),Mrs. Veronica Quarno,0.9,4.9,🟢 MONITOR,"['Supplier holds 100.0% of entity awards — concentration risk', '100% repeat supplier rate — limited supplier diversity (S.3 Act 663)']","['supplier_risk_score decreases fraud risk (impact: 3.892)', 'award_concentration decreases fraud risk (impact: 1.572)', 'entity_frequency increases fraud risk (impact: 0.906)']",['S.3 Act 663 (Transparency and Accountability)'],0
226,Greater Accra Regional Hospital (Ridge Hospital),Messrs. Cummins Ghana Limited (Cummins),0.4,3.2,🟢 MONITOR,['Supplier holds 100.0% of entity awards — concentration risk'],"['supplier_risk_score decreases fraud risk (impact: 3.971)', 'award_concentration decreases fraud risk (impact: 1.229)', 'entity_frequency increases fraud risk (impact: 0.763)']",['S.3 Act 663 (Transparency and Accountability)'],0
227,Bulk Oil Storage and Transportation Company Limited (BOST),Unknown,7.1,28.3,🟢 MONITOR,"['Sole source procurement used (S.38-41 Act 663)', 'Supplier linked to 7 confirmed fraud case(s)', 'Supplier appears in 12 Auditor-General finding(s)', '1 variation(s) independently flagged by Auditor-General', '1 sole source contract(s) flagged by Auditor-General', '3 of 15 contracts confirmed fraudulent (20% fraud rate)', '33% of contracts flagged by Auditor-General — systemic oversight failure (S.2 Act 663)']","['supplier_risk_score decreases fraud risk (impact: 1.912)', 'entity_frequency decreases fraud risk (impact: 1.393)', 'is_sole_source decreases fraud risk (impact: 0.901)']",['S.38-41 Act 663 (Sole Source Procurement)'],0
228,Bulk Oil Storage and Transportation Company Limited (BOST),Unknown,26.9,31.8,🟢 MONITOR,"['Supplier linked to 7 confirmed fraud case(s)', 'Supplier appears in 12 Auditor-General finding(s)', '1 variation(s) independently flagged by Auditor-General', '1 sole source contract(s) flagged by Auditor-General', '3 of 15 contracts confirmed fraudulent (20% fraud rate)', '33% of contracts flagged by Auditor-General — systemic oversight failure (S.2 Act 663)']","['supplier_risk_score decreases fraud risk (impact: 1.555)', 'entity_frequency decreases fraud risk (impact: 1.393)', 'award_concentration increases fraud risk (impact: 0.893)']",['No specific violations flagged'],1
229,Ministry of Transport (MoT),Messrs. Amaris Terminal Ghana Limited,0.2,3.1,🟢 MONITOR,['Supplier holds 50.0% of entity awards — concentration risk'],"['supplier_risk_score decreases fraud risk (impact: 4.290)', 'supplier_frequency decreases fraud risk (impact: 0.906)', 'award_concentration decreases fraud risk (impact: 0.597)']",['S.3 Act 663 (Transparency and Accountability)'],0
230,Ministry of Education (MoE),Messrs. Essydel Event,0.2,3.1,🟢 MONITOR,['Supplier holds 50.0% of entity awards — concentration risk'],"['supplier_risk_score decreases fraud risk (impact: 4.290)', 'supplier_frequency decreases fraud risk (impact: 0.906)', 'award_concentration decreases fraud risk (impact: 0.597)']",['S.3 Act 663 (Transparency and Accountability)'],0
231,Social Security and National Insurance Trust (SSNIT),Messrs. Infonaligy Limited,0.2,0.1,🟢 MONITOR,['No specific flags raised'],"['supplier_risk_score decreases fraud risk (impact: 4.069)', 'entity_frequency decreases fraud risk (impact: 1.084)', 'supplier_frequency decreases fraud risk (impact: 0.848)']",['No specific violations flagged'],0
232,Electoral Commission (EC),Hygeena Limited,0.4,10.4,🟢 MONITOR,"['Supplier holds 100.0% of entity awards — concentration risk', 'Entity variation abuse rate: 100.0%', '100% of contracts have variations — inflation risk', '100% of contracts are variations — systematic inflation pattern (S.87 Act 663)']","['supplier_risk_score decreases fraud risk (impact: 3.964)', 'award_concentration decreases fraud risk (impact: 1.127)', 'supplier_frequency decreases fraud risk (impact: 0.836)']","['S.87 Act 663 (Contract Variations)', 'S.3 Act 663 (Transparency and Accountability)']",0
233,National Identification Authority (NIA),Messrs. State Insurance Company Limited (SIC) for the provision of Insurance Services,0.3,3.1,🟢 MONITOR,"['Entity variation abuse rate: 40.0%', '40% variation rate — elevated above normal threshold']","['supplier_risk_score decreases fraud risk (impact: 4.091)', 'supplier_frequency decreases fraud risk (impact: 1.042)', 'method_abuse_score decreases fraud risk (impact: 0.626)']",['No specific violations flagged'],0
234,Bulk Oil Storage and Transportation Company Limited (BOST),Messrs. Yin Namal Limited,99.6,57.8,🔴 ESCALATE,"['Supplier linked to 1 confirmed fraud case(s)', '1 variation(s) independently flagged by Auditor-General', '1 sole source contract(s) flagged by Auditor-General', '3 of 15 contracts confirmed fraudulent (20% fraud rate)', '33% of contracts flagged by Auditor-General — systemic oversight failure (S.2 Act 663)']","['supplier_risk_score increases fraud risk (impact: 5.500)', 'entity_frequency decreases fraud risk (impact: 0.779)', 'award_concentration increases fraud risk (impact: 0.559)']",['No specific violations flagged'],1
235,Pharmacy Council,Messrs. RX Health Information Systems Limited,0.4,3.2,🟢 MONITOR,['Supplier holds 100.0% of entity awards — concentration risk'],"['supplier_risk_score decreases fraud risk (impact: 3.971)', 'award_concentration decreases fraud risk (impact: 1.229)', 'entity_frequency increases fraud risk (impact: 0.763)']",['S.3 Act 663 (Transparency and Accountability)'],0
236,Ghana Commodity Exchange (GCX),Messrs. DESS Inc.,0.4,3.2,🟢 MONITOR,['Supplier holds 100.0% of entity awards — concentration risk'],"['supplier_risk_score decreases fraud risk (impact: 3.971)', 'award_concentration decreases fraud risk (impact: 1.229)', 'entity_frequency increases fraud risk (impact: 0.763)']",['S.3 Act 663 (Transparency and Accountability)'],0
237,Ghana Investment Fund for Electronic Communications (GIFEC),Unknown,11.2,20.0,🟢 MONITOR,"['Supplier holds 66.7% of entity awards — concentration risk', 'Supplier linked to 7 confirmed fraud case(s)', 'Supplier appears in 12 Auditor-General finding(s)', '33% sole source rate — above acceptable threshold (S.40-41 Act 663)', '100% repeat supplier rate — limited supplier diversity (S.3 Act 663)']","['supplier_risk_score decreases fraud risk (impact: 1.462)', 'entity_frequency decreases fraud risk (impact: 0.788)', 'variation_abuse_rate decreases fraud risk (impact: 0.393)']",['S.3 Act 663 (Transparency and Accountability)'],0
238,Ministry of Finance (MoF),Messrs AB Namas Ghana Limited,99.3,58.2,🔴 ESCALATE,"['Supplier linked to 1 confirmed fraud case(s)', '1 variation(s) independently flagged by Auditor-General', '1 sole source contract(s) flagged by Auditor-General', '2 of 13 contracts confirmed fraudulent (15% fraud rate)', '84% of contracts flagged by Auditor-General — systemic oversight failure (S.2 Act 663)', 'Audit intensity score: 15.23 — entity under sustained scrutiny']","['supplier_risk_score increases fraud risk (impact: 5.579)', 'entity_frequency decreases fraud risk (impact: 0.753)', 'award_concentration increases fraud risk (impact: 0.446)']",['No specific violations flagged'],1
239,Minerals Income Investment Fund (MIIF),Unknown,52.0,37.8,🟡 REVIEW,"['Supplier holds 33.3% of entity awards — concentration risk', 'Supplier linked to 7 confirmed fraud case(s)', 'Supplier appears in 12 Auditor-General finding(s)', '2 of 3 contracts confirmed fraudulent (66% fraud rate)', '100% repeat supplier rate — limited supplier diversity (S.3 Act 663)']","['award_concentration increases fraud risk (impact: 1.816)', 'supplier_risk_score decreases fraud risk (impact: 1.165)', 'method_abuse_score decreases fraud risk (impact: 0.647)']",['S.3 Act 663 (Transparency and Accountability)'],1
240,Centre for Plant Medicine Research,Unknown,4.8,15.4,🟢 MONITOR,"['Supplier holds 100.0% of entity awards — concentration risk', 'Supplier linked to 7 confirmed fraud case(s)', 'Supplier appears in 12 Auditor-General finding(s)', '100% repeat supplier rate — limited supplier diversity (S.3 Act 663)']","['award_concentration decreases fraud risk (impact: 2.253)', 'supplier_risk_score decreases fraud risk (impact: 1.696)', 'entity_frequency increases fraud risk (impact: 1.105)']",['S.3 Act 663 (Transparency and Accountability)'],0
241,Kumasi Metropolitan Assembly (KMA),Unknown,1.3,26.3,🟢 MONITOR,"['Sole source procurement used (S.38-41 Act 663)', 'Supplier holds 100.0% of entity awards — concentration risk', 'Procurement method abuse pattern detected (S.40-41 Act 663)', 'Supplier linked to 7 confirmed fraud case(s)', 'Supplier appears in 12 Auditor-General finding(s)', '100% of contracts are sole source — systematic bypass of competition (S.40-41 Act 663)', 'Entity method abuse score: 1.00 — pattern of procurement rule circumvention', '100% repeat supplier rate — limited supplier diversity (S.3 Act 663)']","['award_concentration decreases fraud risk (impact: 2.585)', 'supplier_risk_score decreases fraud risk (impact: 1.872)', 'is_sole_source decreases fraud risk (impact: 1.155)']","['S.38-41 Act 663 (Sole Source Procurement)', 'S.40-41 Act 663 (Procurement Method Abuse)', 'S.3 Act 663 (Transparency and Accountability)']",0
242,Ministry of Youth and Sports (MoYS),Messrs. Fadhab Investment Company,0.6,8.5,🟢 MONITOR,"['Supplier holds 33.3% of entity awards — concentration risk', 'Entity variation abuse rate: 33.3%', '100% of contracts have variations — inflation risk', '33% variation rate — elevated above normal threshold']","['supplier_risk_score decreases fraud risk (impact: 4.260)', 'supplier_frequency decreases fraud risk (impact: 1.053)', 'award_concentration increases fraud risk (impact: 0.985)']","['S.87 Act 663 (Contract Variations)', 'S.3 Act 663 (Transparency and Accountability)']",0
243,National Blood Service Ghana (NBSG),Messrs. Investrade International Co. Ltd,0.4,3.2,🟢 MONITOR,['Supplier holds 100.0% of entity awards — concentration risk'],"['supplier_risk_score decreases fraud risk (impact: 3.971)', 'award_concentration decreases fraud risk (impact: 1.229)', 'entity_frequency increases fraud risk (impact: 0.763)']",['S.3 Act 663 (Transparency and Accountability)'],0
244,National Petroleum Authority (NPA),Unknown,3.5,30.9,🟢 MONITOR,"['Sole source procurement used (S.38-41 Act 663)', 'Supplier holds 41.7% of entity awards — concentration risk', 'Entity variation abuse rate: 33.3%', 'Supplier linked to 7 confirmed fraud case(s)', 'Supplier appears in 12 Auditor-General finding(s)', '33% variation rate — elevated above normal threshold', '33% sole source rate — above acceptable threshold (S.40-41 Act 663)', '1 sole source contract(s) confirmed fraudulent', '1 of 12 contracts confirmed fraudulent (8% fraud rate)', '83% repeat supplier rate — limited supplier diversity (S.3 Act 663)']","['supplier_risk_score decreases fraud risk (impact: 1.924)', 'entity_frequency decreases fraud risk (impact: 1.601)', 'is_sole_source decreases fraud risk (impact: 0.901)']","['S.38-41 Act 663 (Sole Source Procurement)', 'S.87 Act 663 (Contract Variations)', 'S.3 Act 663 (Transparency and Accountability)']",0
245,Ghana Revenue Authority (GRA),Messrs Digitalgov Limitied to host the Software Infrastructure and Services,0.5,6.2,🟢 MONITOR,"['1 sole source contract(s) flagged by Auditor-General', '80% of contracts flagged by Auditor-General — systemic oversight failure (S.2 Act 663)', 'Audit intensity score: 12.80 — entity under sustained scrutiny']","['supplier_risk_score decreases fraud risk (impact: 4.219)', 'entity_frequency decreases fraud risk (impact: 0.774)', 'supplier_frequency decreases fraud risk (impact: 0.707)']",['No specific violations flagged'],0
246,Ministry of Defence (MoD),Unknown,4.8,15.4,🟢 MONITOR,"['Supplier holds 100.0% of entity awards — concentration risk', 'Supplier linked to 7 confirmed fraud case(s)', 'Supplier appears in 12 Auditor-General finding(s)', '100% repeat supplier rate — limited supplier diversity (S.3 Act 663)']","['award_concentration decreases fraud risk (impact: 2.253)', 'supplier_risk_score decreases fraud risk (impact: 1.696)', 'entity_frequency increases fraud risk (impact: 1.105)']",['S.3 Act 663 (Transparency and Accountability)'],0
247,Ministry of Information,Unknown,2.5,31.8,🟢 MONITOR,"['Sole source procurement used (S.38-41 Act 663)', 'Supplier holds 100.0% of entity awards — concentration risk', 'Procurement method abuse pattern detected (S.40-41 Act 663)', 'Entity variation abuse rate: 100.0%', 'Supplier linked to 7 confirmed fraud case(s)', 'Supplier appears in 12 Auditor-General finding(s)', '100% of contracts are variations — systematic inflation pattern (S.87 Act 663)', '100% of contracts are sole source — systematic bypass of competition (S.40-41 Act 663)', 'Entity method abuse score: 1.00 — pattern of procurement rule circumvention', '100% repeat supplier rate — limited supplier diversity (S.3 Act 663)']","['award_concentration decreases fraud risk (impact: 2.543)', 'supplier_risk_score decreases fraud risk (impact: 1.833)', 'is_sole_source decreases fraud risk (impact: 1.155)']","['S.38-41 Act 663 (Sole Source Procurement)', 'S.40-41 Act 663 (Procurement Method Abuse)', 'S.87 Act 663 (Contract Variations)', 'S.3 Act 663 (Transparency and Accountability)']",0
248,Ghana School of Law (GSL),Unknown,4.8,15.4,🟢 MONITOR,"['Supplier holds 100.0% of entity awards — concentration risk', 'Supplier linked to 7 confirmed fraud case(s)', 'Supplier appears in 12 Auditor-General finding(s)', '100% repeat supplier rate — limited supplier diversity (S.3 Act 663)']","['award_concentration decreases fraud risk (impact: 2.253)', 'supplier_risk_score decreases fraud risk (impact: 1.696)', 'entity_frequency increases fraud risk (impact: 1.105)']",['S.3 Act 663 (Transparency and Accountability)'],0
249,"Ministry of Local Government, Decentralization and Rural Development (MLGDRD)",Unknown,7.5,35.8,🟡 REVIEW,"['Sole source procurement used (S.38-41 Act 663)', 'Supplier holds 33.3% of entity awards — concentration risk', 'Procurement method abuse pattern detected (S.40-41 Act 663)', 'Entity variation abuse rate: 66.7%', 'Supplier linked to 7 confirmed fraud case(s)', 'Supplier appears in 12 Auditor-General finding(s)', '66% of contracts are variations — systematic inflation pattern (S.87 Act 663)', '66% of contracts are sole source — systematic bypass of competition (S.40-41 Act 663)', 'Entity method abuse score: 0.67 — pattern of procurement rule circumvention', '1 of 6 contracts confirmed fraudulent (16% fraud rate)']","['supplier_risk_score decreases fraud risk (impact: 1.674)', 'award_concentration increases fraud risk (impact: 1.440)', 'is_sole_source decreases fraud risk (impact: 1.237)']","['S.38-41 Act 663 (Sole Source Procurement)', 'S.40-41 Act 663 (Procurement Method Abuse)', 'S.87 Act 663 (Contract Variations)', 'S.3 Act 663 (Transparency and Accountability)']",0
250,Ministry of Youth and Sports (MoYS),Unknown,53.0,36.2,🟡 REVIEW,"['Supplier holds 33.3% of entity awards — concentration risk', 'Entity variation abuse rate: 33.3%', 'Supplier linked to 7 confirmed fraud case(s)', 'Supplier appears in 12 Auditor-General finding(s)', '33% variation rate — elevated above normal threshold']","['award_concentration increases fraud risk (impact: 1.737)', 'supplier_risk_score decreases fraud risk (impact: 1.142)', 'method_abuse_score decreases fraud risk (impact: 0.861)']",['S.3 Act 663 (Transparency and Accountability)'],0
251,"Ministry of Local Government, Decentralization and Rural Development (MLGDRD)",Wisdom Wallet Company Limited,1.0,26.4,🟢 MONITOR,"['Sole source procurement used (S.38-41 Act 663)', 'Procurement method abuse pattern detected (S.40-41 Act 663)', 'Entity variation abuse rate: 66.7%', '100% of awards were sole source — bypasses competition (S.38-41)', '100% of contracts have variations — inflation risk', '66% of contracts are variations — systematic inflation pattern (S.87 Act 663)', '66% of contracts are sole source — systematic bypass of competition (S.40-41 Act 663)', 'Entity method abuse score: 0.67 — pattern of procurement rule circumvention', '1 of 6 contracts confirmed fraudulent (16% fraud rate)']","['supplier_risk_score decreases fraud risk (impact: 3.783)', 'supplier_frequency decreases fraud risk (impact: 1.037)', 'entity_frequency decreases fraud risk (impact: 0.763)']","['S.38-41 Act 663 (Sole Source Procurement)', 'S.40-41 Act 663 (Procurement Method Abuse)', 'S.87 Act 663 (Contract Variations)']",0
252,"Ministry of Local Government, Decentralization and Rural Development (MLGDRD)",Dagbene Borns Limited,1.0,26.4,🟢 MONITOR,"['Sole source procurement used (S.38-41 Act 663)', 'Procurement method abuse pattern detected (S.40-41 Act 663)', 'Entity variation abuse rate: 66.7%', '100% of awards were sole source — bypasses competition (S.38-41)', '100% of contracts have variations — inflation risk', '66% of contracts are variations — systematic inflation pattern (S.87 Act 663)', '66% of contracts are sole source — systematic bypass of competition (S.40-41 Act 663)', 'Entity method abuse score: 0.67 — pattern of procurement rule circumvention', '1 of 6 contracts confirmed fraudulent (16% fraud rate)']","['supplier_risk_score decreases fraud risk (impact: 3.783)', 'supplier_frequency decreases fraud risk (impact: 1.037)', 'entity_frequency decreases fraud risk (impact: 0.763)']","['S.38-41 Act 663 (Sole Source Procurement)', 'S.40-41 Act 663 (Procurement Method Abuse)', 'S.87 Act 663 (Contract Variations)']",0
253,Ministry of Youth and Sports (MoYS),Messrs. Inpath technologies Ghana Limited,0.6,6.2,🟢 MONITOR,"['Supplier holds 33.3% of entity awards — concentration risk', 'Entity variation abuse rate: 33.3%', '33% variation rate — elevated above normal threshold']","['supplier_risk_score decreases fraud risk (impact: 4.260)', 'supplier_frequency decreases fraud risk (impact: 1.053)', 'award_concentration increases fraud risk (impact: 0.985)']",['S.3 Act 663 (Transparency and Accountability)'],0
254,Ghana Export Promotion Authority (GEPA),Hotel Investments Ghana Limited (Labadi Beach Hotel),0.3,5.6,🟢 MONITOR,"['33% sole source rate — above acceptable threshold (S.40-41 Act 663)', '1 of 6 contracts confirmed fraudulent (16% fraud rate)']","['supplier_risk_score decreases fraud risk (impact: 4.172)', 'entity_frequency decreases fraud risk (impact: 1.072)', 'supplier_frequency decreases fraud risk (impact: 0.827)']",['No specific violations flagged'],0
255,Ghana Export Promotion Authority (GEPA),Messrs Human Capital International,99.1,51.1,🔴 ESCALATE,"['Supplier linked to 1 confirmed fraud case(s)', '33% sole source rate — above acceptable threshold (S.40-41 Act 663)', '1 of 6 contracts confirmed fraudulent (16% fraud rate)']","['supplier_risk_score increases fraud risk (impact: 5.559)', 'entity_frequency decreases fraud risk (impact: 0.927)', 'award_concentration increases fraud risk (impact: 0.576)']",['No specific violations flagged'],1
256,"Ministry of Local Government, Decentralization and Rural Development (MLGDRD)",Messrs. HB Bekam Ghana Limited,1.0,16.7,🟢 MONITOR,"['Procurement method abuse pattern detected (S.40-41 Act 663)', 'Entity variation abuse rate: 66.7%', '66% of contracts are variations — systematic inflation pattern (S.87 Act 663)', '66% of contracts are sole source — systematic bypass of competition (S.40-41 Act 663)', 'Entity method abuse score: 0.67 — pattern of procurement rule circumvention', '1 of 6 contracts confirmed fraudulent (16% fraud rate)']","['supplier_risk_score decreases fraud risk (impact: 4.309)', 'supplier_frequency decreases fraud risk (impact: 1.037)', 'method_abuse_score increases fraud risk (impact: 0.826)']",['S.40-41 Act 663 (Procurement Method Abuse)'],0
257,"Ministry of Local Government, Decentralization and Rural Development (MLGDRD)",Messrs. Rock Impex Limited,1.0,26.4,🟢 MONITOR,"['Sole source procurement used (S.38-41 Act 663)', 'Procurement method abuse pattern detected (S.40-41 Act 663)', 'Entity variation abuse rate: 66.7%', '100% of awards were sole source — bypasses competition (S.38-41)', '100% of contracts have variations — inflation risk', '66% of contracts are variations — systematic inflation pattern (S.87 Act 663)', '66% of contracts are sole source — systematic bypass of competition (S.40-41 Act 663)', 'Entity method abuse score: 0.67 — pattern of procurement rule circumvention', '1 of 6 contracts confirmed fraudulent (16% fraud rate)']","['supplier_risk_score decreases fraud risk (impact: 3.783)', 'supplier_frequency decreases fraud risk (impact: 1.037)', 'entity_frequency decreases fraud risk (impact: 0.763)']","['S.38-41 Act 663 (Sole Source Procurement)', 'S.40-41 Act 663 (Procurement Method Abuse)', 'S.87 Act 663 (Contract Variations)']",0
258,Ghana Export Promotion Authority (GEPA),Messrs. Manage Advertising for the provision of Marketing and Promotional Services,0.3,5.6,🟢 MONITOR,"['33% sole source rate — above acceptable threshold (S.40-41 Act 663)', '1 of 6 contracts confirmed fraudulent (16% fraud rate)']","['supplier_risk_score decreases fraud risk (impact: 4.172)', 'entity_frequency decreases fraud risk (impact: 1.072)', 'supplier_frequency decreases fraud risk (impact: 0.827)']",['No specific violations flagged'],0
259,Ghana Export Promotion Authority (GEPA)),Messrs. Insight Advertising Limited,0.4,3.2,🟢 MONITOR,['Supplier holds 100.0% of entity awards — concentration risk'],"['supplier_risk_score decreases fraud risk (impact: 3.971)', 'award_concentration decreases fraud risk (impact: 1.229)', 'entity_frequency increases fraud risk (impact: 0.763)']",['S.3 Act 663 (Transparency and Accountability)'],0
260,Ghana Maritime Authority (GMA),Messrs. Kaysens Gaisie Ltd,0.4,3.2,🟢 MONITOR,['Supplier holds 100.0% of entity awards — concentration risk'],"['supplier_risk_score decreases fraud risk (impact: 3.971)', 'award_concentration decreases fraud risk (impact: 1.229)', 'entity_frequency increases fraud risk (impact: 0.763)']",['S.3 Act 663 (Transparency and Accountability)'],0
261,Ghana Geological Survey Authority (GGSA),Messrs. Forte Logistics,0.4,3.2,🟢 MONITOR,['Supplier holds 100.0% of entity awards — concentration risk'],"['supplier_risk_score decreases fraud risk (impact: 3.971)', 'award_concentration decreases fraud risk (impact: 1.229)', 'entity_frequency increases fraud risk (impact: 0.763)']",['S.3 Act 663 (Transparency and Accountability)'],0
